filename,weight
C:\Users\Acer\OneDrive\Desktop\HogIntel-Price&Weight-Estimation\data\regression\images\h2.jpeg,100
C:\Users\Acer\OneDrive\Desktop\HogIntel-Price&Weight-Estimation\data\regression\images\h3.jpeg,100
C:\Users\Acer\OneDrive\Desktop\HogIntel-Price&Weight-Estimation\data\regression\images\h51.jpeg,71
C:\Users\Acer\OneDrive\Desktop\HogIntel-Price&Weight-Estimation\data\regression\images\h5.jpeg,100
C:\Users\Acer\OneDrive\Desktop\HogIntel-Price&Weight-Estimation\data\regression\images\h60.jpeg,64
C:\Users\Acer\OneDrive\Desktop\HogIntel-Price&Weight-Estimation\data\regression\images\h6.jpeg,100
C:\Users\Acer\OneDrive\Desktop\HogIntel-Price&Weight-Estimation\data\regression\images\h18.jpeg,115
C:\Users\Acer\OneDrive\Desktop\HogIntel-Price&Weight-Estimation\data\regression\images\h7.jpeg,100
C:\Users\Acer\OneDrive\Desktop\HogIntel-Price&Weight-Estimation\data\regression\images\h57.jpeg,64
C:\Users\Acer\OneDrive\Desktop\HogIntel-Price&Weight-Estimation\data\regression\images\h9.jpeg,100
C:\Users\Acer\OneDrive\Desktop\HogIntel-Price&Weight-Estimation\data\regression\images\h10.jpeg,100
C:\Users\Acer\OneDrive\Desktop\HogIntel-Price&Weight-Estimation\data\regression\images\h11.jpeg,100
C:\Users\Acer\OneDrive\Desktop\HogIntel-Price&Weight-Estimation\data\regression\images\h64.jpeg,87
C:\Users\Acer\OneDrive\Desktop\HogIntel-Price&Weight-Estimation\data\regression\images\h14.jpeg,100
C:\Users\Acer\OneDrive\Desktop\HogIntel-Price&Weight-Estimation\data\regression\images\h15.jpeg,100
C:\Users\Acer\OneDrive\Desktop\HogIntel-Price&Weight-Estimation\data\regression\images\h17.jpeg,100
C:\Users\Acer\OneDrive\Desktop\HogIntel-Price&Weight-Estimation\data\regression\images\h19.jpeg,115
C:\Users\Acer\OneDrive\Desktop\HogIntel-Price&Weight-Estimation\data\regression\images\h111.jpeg,108
C:\Users\Acer\OneDrive\Desktop\HogIntel-Price&Weight-Estimation\data\regression\images\h21.jpeg,155
C:\Users\Acer\OneDrive\Desktop\HogIntel-Price&Weight-Estimation\data\regression\images\h23.jpeg,155
C:\Users\Acer\OneDrive\Desktop\HogIntel-Price&Weight-Estimation\data\regression\images\h24.jpeg,155
C:\Users\Acer\OneDrive\Desktop\HogIntel-Price&Weight-Estimation\data\regression\images\h25.jpeg,155
C:\Users\Acer\OneDrive\Desktop\HogIntel-Price&Weight-Estimation\data\regression\images\h106.jpeg,90
C:\Users\Acer\OneDrive\Desktop\HogIntel-Price&Weight-Estimation\data\regression\images\h44.jpeg,76
C:\Users\Acer\OneDrive\Desktop\HogIntel-Price&Weight-Estimation\data\regression\images\h28.jpeg,155
C:\Users\Acer\OneDrive\Desktop\HogIntel-Price&Weight-Estimation\data\regression\images\h125.jpeg,100
C:\Users\Acer\OneDrive\Desktop\HogIntel-Price&Weight-Estimation\data\regression\images\h30.jpeg,155
C:\Users\Acer\OneDrive\Desktop\HogIntel-Price&Weight-Estimation\data\regression\images\h31.jpeg,155
C:\Users\Acer\OneDrive\Desktop\HogIntel-Price&Weight-Estimation\data\regression\images\h32.jpeg,155
C:\Users\Acer\OneDrive\Desktop\HogIntel-Price&Weight-Estimation\data\regression\images\h33.jpeg,155
C:\Users\Acer\OneDrive\Desktop\HogIntel-Price&Weight-Estimation\data\regression\images\h34.jpeg,155
C:\Users\Acer\OneDrive\Desktop\HogIntel-Price&Weight-Estimation\data\regression\images\h35.jpeg,155
C:\Users\Acer\OneDrive\Desktop\HogIntel-Price&Weight-Estimation\data\regression\images\h36.jpeg,155
C:\Users\Acer\OneDrive\Desktop\HogIntel-Price&Weight-Estimation\data\regression\images\h37.jpeg,155
C:\Users\Acer\OneDrive\Desktop\HogIntel-Price&Weight-Estimation\data\regression\images\h38.jpeg,155
C:\Users\Acer\OneDrive\Desktop\HogIntel-Price&Weight-Estimation\data\regression\images\h40.jpeg,76
C:\Users\Acer\OneDrive\Desktop\HogIntel-Price&Weight-Estimation\data\regression\images\h41.jpeg,100
C:\Users\Acer\OneDrive\Desktop\HogIntel-Price&Weight-Estimation\data\regression\images\h42.jpeg,76
C:\Users\Acer\OneDrive\Desktop\HogIntel-Price&Weight-Estimation\data\regression\images\h43.jpeg,76
C:\Users\Acer\OneDrive\Desktop\HogIntel-Price&Weight-Estimation\data\regression\images\h27.jpeg,155
C:\Users\Acer\OneDrive\Desktop\HogIntel-Price&Weight-Estimation\data\regression\images\h45.jpeg,76
C:\Users\Acer\OneDrive\Desktop\HogIntel-Price&Weight-Estimation\data\regression\images\h46.jpeg,76
C:\Users\Acer\OneDrive\Desktop\HogIntel-Price&Weight-Estimation\data\regression\images\h47.jpeg,76
C:\Users\Acer\OneDrive\Desktop\HogIntel-Price&Weight-Estimation\data\regression\images\h48.jpeg,71
C:\Users\Acer\OneDrive\Desktop\HogIntel-Price&Weight-Estimation\data\regression\images\h49.jpeg,71
C:\Users\Acer\OneDrive\Desktop\HogIntel-Price&Weight-Estimation\data\regression\images\h50.jpeg,76
C:\Users\Acer\OneDrive\Desktop\HogIntel-Price&Weight-Estimation\data\regression\images\h52.jpeg,76
C:\Users\Acer\OneDrive\Desktop\HogIntel-Price&Weight-Estimation\data\regression\images\h53.jpeg,64
C:\Users\Acer\OneDrive\Desktop\HogIntel-Price&Weight-Estimation\data\regression\images\h54.jpeg,71
C:\Users\Acer\OneDrive\Desktop\HogIntel-Price&Weight-Estimation\data\regression\images\h55.jpeg,64
C:\Users\Acer\OneDrive\Desktop\HogIntel-Price&Weight-Estimation\data\regression\images\h56.jpeg,64
C:\Users\Acer\OneDrive\Desktop\HogIntel-Price&Weight-Estimation\data\regression\images\h8.jpeg,100
C:\Users\Acer\OneDrive\Desktop\HogIntel-Price&Weight-Estimation\data\regression\images\h58.jpeg,71
C:\Users\Acer\OneDrive\Desktop\HogIntel-Price&Weight-Estimation\data\regression\images\h59.jpeg,65
C:\Users\Acer\OneDrive\Desktop\HogIntel-Price&Weight-Estimation\data\regression\images\h61.jpeg,65
C:\Users\Acer\OneDrive\Desktop\HogIntel-Price&Weight-Estimation\data\regression\images\h62.jpeg,87
C:\Users\Acer\OneDrive\Desktop\HogIntel-Price&Weight-Estimation\data\regression\images\h63.jpeg,87
C:\Users\Acer\OneDrive\Desktop\HogIntel-Price&Weight-Estimation\data\regression\images\h65.jpeg,87
C:\Users\Acer\OneDrive\Desktop\HogIntel-Price&Weight-Estimation\data\regression\images\h66.jpeg,87
C:\Users\Acer\OneDrive\Desktop\HogIntel-Price&Weight-Estimation\data\regression\images\h67.jpeg,87
C:\Users\Acer\OneDrive\Desktop\HogIntel-Price&Weight-Estimation\data\regression\images\h68.jpeg,87
C:\Users\Acer\OneDrive\Desktop\HogIntel-Price&Weight-Estimation\data\regression\images\h69.jpeg,87
C:\Users\Acer\OneDrive\Desktop\HogIntel-Price&Weight-Estimation\data\regression\images\h70.jpeg,90
C:\Users\Acer\OneDrive\Desktop\HogIntel-Price&Weight-Estimation\data\regression\images\h71.jpeg,87
C:\Users\Acer\OneDrive\Desktop\HogIntel-Price&Weight-Estimation\data\regression\images\h72.jpeg,87
C:\Users\Acer\OneDrive\Desktop\HogIntel-Price&Weight-Estimation\data\regression\images\h73.jpeg,87
C:\Users\Acer\OneDrive\Desktop\HogIntel-Price&Weight-Estimation\data\regression\images\h74.jpeg,87
C:\Users\Acer\OneDrive\Desktop\HogIntel-Price&Weight-Estimation\data\regression\images\h75.jpeg,100
C:\Users\Acer\OneDrive\Desktop\HogIntel-Price&Weight-Estimation\data\regression\images\h76.jpeg,100
C:\Users\Acer\OneDrive\Desktop\HogIntel-Price&Weight-Estimation\data\regression\images\h77.jpeg,100
C:\Users\Acer\OneDrive\Desktop\HogIntel-Price&Weight-Estimation\data\regression\images\h78.jpeg,100
C:\Users\Acer\OneDrive\Desktop\HogIntel-Price&Weight-Estimation\data\regression\images\h79.jpeg,100
C:\Users\Acer\OneDrive\Desktop\HogIntel-Price&Weight-Estimation\data\regression\images\h80.jpeg,100
C:\Users\Acer\OneDrive\Desktop\HogIntel-Price&Weight-Estimation\data\regression\images\h81.jpeg,100
C:\Users\Acer\OneDrive\Desktop\HogIntel-Price&Weight-Estimation\data\regression\images\h82.jpeg,87
C:\Users\Acer\OneDrive\Desktop\HogIntel-Price&Weight-Estimation\data\regression\images\h83.jpeg,100
C:\Users\Acer\OneDrive\Desktop\HogIntel-Price&Weight-Estimation\data\regression\images\h84.jpeg,100
C:\Users\Acer\OneDrive\Desktop\HogIntel-Price&Weight-Estimation\data\regression\images\h85.jpeg,100
C:\Users\Acer\OneDrive\Desktop\HogIntel-Price&Weight-Estimation\data\regression\images\h86.jpeg,100
C:\Users\Acer\OneDrive\Desktop\HogIntel-Price&Weight-Estimation\data\regression\images\h87.jpeg,100
C:\Users\Acer\OneDrive\Desktop\HogIntel-Price&Weight-Estimation\data\regression\images\h88.jpeg,100
C:\Users\Acer\OneDrive\Desktop\HogIntel-Price&Weight-Estimation\data\regression\images\h89.jpeg,100
C:\Users\Acer\OneDrive\Desktop\HogIntel-Price&Weight-Estimation\data\regression\images\h90.jpeg,90
C:\Users\Acer\OneDrive\Desktop\HogIntel-Price&Weight-Estimation\data\regression\images\h91.jpeg,90
C:\Users\Acer\OneDrive\Desktop\HogIntel-Price&Weight-Estimation\data\regression\images\h92.jpeg,90
C:\Users\Acer\OneDrive\Desktop\HogIntel-Price&Weight-Estimation\data\regression\images\h93.jpeg,90
C:\Users\Acer\OneDrive\Desktop\HogIntel-Price&Weight-Estimation\data\regression\images\h94.jpeg,90
C:\Users\Acer\OneDrive\Desktop\HogIntel-Price&Weight-Estimation\data\regression\images\h95.jpeg,90
C:\Users\Acer\OneDrive\Desktop\HogIntel-Price&Weight-Estimation\data\regression\images\h96.jpeg,90
C:\Users\Acer\OneDrive\Desktop\HogIntel-Price&Weight-Estimation\data\regression\images\h97.jpeg,90
C:\Users\Acer\OneDrive\Desktop\HogIntel-Price&Weight-Estimation\data\regression\images\h98.jpeg,90
C:\Users\Acer\OneDrive\Desktop\HogIntel-Price&Weight-Estimation\data\regression\images\h99.jpeg,90
C:\Users\Acer\OneDrive\Desktop\HogIntel-Price&Weight-Estimation\data\regression\images\h100.jpeg,90
C:\Users\Acer\OneDrive\Desktop\HogIntel-Price&Weight-Estimation\data\regression\images\h101.jpeg,90
C:\Users\Acer\OneDrive\Desktop\HogIntel-Price&Weight-Estimation\data\regression\images\h102.jpeg,90
C:\Users\Acer\OneDrive\Desktop\HogIntel-Price&Weight-Estimation\data\regression\images\h103.jpeg,90
C:\Users\Acer\OneDrive\Desktop\HogIntel-Price&Weight-Estimation\data\regression\images\h104.jpeg,90
C:\Users\Acer\OneDrive\Desktop\HogIntel-Price&Weight-Estimation\data\regression\images\h105.jpeg,90
C:\Users\Acer\OneDrive\Desktop\HogIntel-Price&Weight-Estimation\data\regression\images\h26.jpeg,155
C:\Users\Acer\OneDrive\Desktop\HogIntel-Price&Weight-Estimation\data\regression\images\h107.jpeg,90
C:\Users\Acer\OneDrive\Desktop\HogIntel-Price&Weight-Estimation\data\regression\images\h108.jpeg,90
C:\Users\Acer\OneDrive\Desktop\HogIntel-Price&Weight-Estimation\data\regression\images\h109.jpeg,90
C:\Users\Acer\OneDrive\Desktop\HogIntel-Price&Weight-Estimation\data\regression\images\h110.jpeg,108
C:\Users\Acer\OneDrive\Desktop\HogIntel-Price&Weight-Estimation\data\regression\images\h22.jpeg,155
C:\Users\Acer\OneDrive\Desktop\HogIntel-Price&Weight-Estimation\data\regression\images\h112.jpeg,108
C:\Users\Acer\OneDrive\Desktop\HogIntel-Price&Weight-Estimation\data\regression\images\h113.jpeg,108
C:\Users\Acer\OneDrive\Desktop\HogIntel-Price&Weight-Estimation\data\regression\images\h114.jpeg,108
C:\Users\Acer\OneDrive\Desktop\HogIntel-Price&Weight-Estimation\data\regression\images\h115.jpeg,108
C:\Users\Acer\OneDrive\Desktop\HogIntel-Price&Weight-Estimation\data\regression\images\h116.jpeg,90
C:\Users\Acer\OneDrive\Desktop\HogIntel-Price&Weight-Estimation\data\regression\images\h117.jpeg,100
C:\Users\Acer\OneDrive\Desktop\HogIntel-Price&Weight-Estimation\data\regression\images\h118.jpeg,100
C:\Users\Acer\OneDrive\Desktop\HogIntel-Price&Weight-Estimation\data\regression\images\h119.jpeg,100
C:\Users\Acer\OneDrive\Desktop\HogIntel-Price&Weight-Estimation\data\regression\images\h120.jpeg,100
C:\Users\Acer\OneDrive\Desktop\HogIntel-Price&Weight-Estimation\data\regression\images\h121.jpeg,90
C:\Users\Acer\OneDrive\Desktop\HogIntel-Price&Weight-Estimation\data\regression\images\h122.jpeg,90
C:\Users\Acer\OneDrive\Desktop\HogIntel-Price&Weight-Estimation\data\regression\images\h123.jpeg,102
C:\Users\Acer\OneDrive\Desktop\HogIntel-Price&Weight-Estimation\data\regression\images\h124.jpeg,102
C:\Users\Acer\OneDrive\Desktop\HogIntel-Price&Weight-Estimation\data\regression\images\h29.jpeg,155
C:\Users\Acer\OneDrive\Desktop\HogIntel-Price&Weight-Estimation\data\regression\images\h126.jpeg,102
C:\Users\Acer\OneDrive\Desktop\HogIntel-Price&Weight-Estimation\data\regression\images\h127.jpeg,87
C:\Users\Acer\OneDrive\Desktop\HogIntel-Price&Weight-Estimation\data\regression\images\h128.jpeg,90
C:\Users\Acer\OneDrive\Desktop\HogIntel-Price&Weight-Estimation\data\regression\images\h129.jpeg,90
C:\Users\Acer\OneDrive\Desktop\HogIntel-Price&Weight-Estimation\data\regression\images\h130.jpeg,90
C:\Users\Acer\OneDrive\Desktop\HogIntel-Price&Weight-Estimation\data\regression\images\h131.jpeg,90
C:\Users\Acer\OneDrive\Desktop\HogIntel-Price&Weight-Estimation\data\regression\images\h132.jpeg,90
C:\Users\Acer\OneDrive\Desktop\HogIntel-Price&Weight-Estimation\data\regression\images\h133.jpeg,90
C:\Users\Acer\OneDrive\Desktop\HogIntel-Price&Weight-Estimation\data\regression\images\h134.jpeg,90
C:\Users\Acer\OneDrive\Desktop\HogIntel-Price&Weight-Estimation\data\regression\images\h135.jpeg,90
C:\Users\Acer\OneDrive\Desktop\HogIntel-Price&Weight-Estimation\data\regression\images\h136.jpeg,90
C:\Users\Acer\OneDrive\Desktop\HogIntel-Price&Weight-Estimation\data\regression\images\h137.jpeg,90
C:\Users\Acer\OneDrive\Desktop\HogIntel-Price&Weight-Estimation\data\regression\images\h138.jpeg,90
C:\Users\Acer\OneDrive\Desktop\HogIntel-Price&Weight-Estimation\data\regression\images\h139.jpeg,90
C:\Users\Acer\OneDrive\Desktop\HogIntel-Price&Weight-Estimation\data\regression\images\h140.jpeg,90
C:\Users\Acer\OneDrive\Desktop\HogIntel-Price&Weight-Estimation\data\regression\images\h141.jpeg,90
C:\Users\Acer\OneDrive\Desktop\HogIntel-Price&Weight-Estimation\data\regression\images\h142.jpeg,90
C:\Users\Acer\OneDrive\Desktop\HogIntel-Price&Weight-Estimation\data\regression\images\h143.jpeg,90
C:\Users\Acer\OneDrive\Desktop\HogIntel-Price&Weight-Estimation\data\regression\images\h144.jpeg,90
C:\Users\Acer\OneDrive\Desktop\HogIntel-Price&Weight-Estimation\data\regression\images\h145.jpeg,90
C:\Users\Acer\OneDrive\Desktop\HogIntel-Price&Weight-Estimation\data\regression\images\h146.jpeg,90
C:\Users\Acer\OneDrive\Desktop\HogIntel-Price&Weight-Estimation\data\regression\images\h147.jpeg,100
C:\Users\Acer\OneDrive\Desktop\HogIntel-Price&Weight-Estimation\data\regression\images\h148.jpeg,100
C:\Users\Acer\OneDrive\Desktop\HogIntel-Price&Weight-Estimation\data\regression\images\h149.jpeg,100
C:\Users\Acer\OneDrive\Desktop\HogIntel-Price&Weight-Estimation\data\regression\images\h150.jpeg,100
C:\Users\Acer\OneDrive\Desktop\HogIntel-Price&Weight-Estimation\data\regression\images\h151.jpeg,100
C:\Users\Acer\OneDrive\Desktop\HogIntel-Price&Weight-Estimation\data\regression\images\h152.jpeg,100
C:\Users\Acer\OneDrive\Desktop\HogIntel-Price&Weight-Estimation\data\regression\images\h153.jpeg,100
C:\Users\Acer\OneDrive\Desktop\HogIntel-Price&Weight-Estimation\data\regression\images\h154.jpeg,100
C:\Users\Acer\OneDrive\Desktop\HogIntel-Price&Weight-Estimation\data\regression\images\h155.jpeg,100
C:\Users\Acer\OneDrive\Desktop\HogIntel-Price&Weight-Estimation\data\regression\images\h156.jpeg,100
C:\Users\Acer\OneDrive\Desktop\HogIntel-Price&Weight-Estimation\data\regression\images\h157.jpeg,100
C:\Users\Acer\OneDrive\Desktop\HogIntel-Price&Weight-Estimation\data\regression\images\h158.jpeg,100
C:\Users\Acer\OneDrive\Desktop\HogIntel-Price&Weight-Estimation\data\regression\images\h159.jpeg,100
C:\Users\Acer\OneDrive\Desktop\HogIntel-Price&Weight-Estimation\data\regression\images\h160.jpeg,100
C:\Users\Acer\OneDrive\Desktop\HogIntel-Price&Weight-Estimation\data\regression\images\h161.jpeg,100
C:\Users\Acer\OneDrive\Desktop\HogIntel-Price&Weight-Estimation\data\regression\images\h162.jpeg,100
C:\Users\Acer\OneDrive\Desktop\HogIntel-Price&Weight-Estimation\data\regression\images\h163.jpeg,100
C:\Users\Acer\OneDrive\Desktop\HogIntel-Price&Weight-Estimation\data\regression\images\h164.jpeg,100
C:\Users\Acer\OneDrive\Desktop\HogIntel-Price&Weight-Estimation\data\regression\images\h165.jpeg,100
C:\Users\Acer\OneDrive\Desktop\HogIntel-Price&Weight-Estimation\data\regression\images\h166.jpeg,100
C:\Users\Acer\OneDrive\Desktop\HogIntel-Price&Weight-Estimation\data\regression\images\h167.jpeg,88
C:\Users\Acer\OneDrive\Desktop\HogIntel-Price&Weight-Estimation\data\regression\images\h168.jpeg,88
C:\Users\Acer\OneDrive\Desktop\HogIntel-Price&Weight-Estimation\data\regression\images\h169.jpeg,88
C:\Users\Acer\OneDrive\Desktop\HogIntel-Price&Weight-Estimation\data\regression\images\h170.jpeg,88
C:\Users\Acer\OneDrive\Desktop\HogIntel-Price&Weight-Estimation\data\regression\images\h171.jpeg,88
C:\Users\Acer\OneDrive\Desktop\HogIntel-Price&Weight-Estimation\data\regression\images\h172.jpeg,88
C:\Users\Acer\OneDrive\Desktop\HogIntel-Price&Weight-Estimation\data\regression\images\h173.jpeg,88
C:\Users\Acer\OneDrive\Desktop\HogIntel-Price&Weight-Estimation\data\regression\images\h174.jpeg,88
C:\Users\Acer\OneDrive\Desktop\HogIntel-Price&Weight-Estimation\data\regression\images\h175.jpeg,88
C:\Users\Acer\OneDrive\Desktop\HogIntel-Price&Weight-Estimation\data\regression\images\h176.jpeg,88
C:\Users\Acer\OneDrive\Desktop\HogIntel-Price&Weight-Estimation\data\regression\images\h177.jpeg,88
C:\Users\Acer\OneDrive\Desktop\HogIntel-Price&Weight-Estimation\data\regression\images\h178.jpeg,88
C:\Users\Acer\OneDrive\Desktop\HogIntel-Price&Weight-Estimation\data\regression\images\h179.jpeg,88
C:\Users\Acer\OneDrive\Desktop\HogIntel-Price&Weight-Estimation\data\regression\images\h180.jpeg,88
C:\Users\Acer\OneDrive\Desktop\HogIntel-Price&Weight-Estimation\data\regression\images\h181.jpeg,88
C:\Users\Acer\OneDrive\Desktop\HogIntel-Price&Weight-Estimation\data\regression\images\h182.jpeg,88
C:\Users\Acer\OneDrive\Desktop\HogIntel-Price&Weight-Estimation\data\regression\images\h183.jpeg,88
C:\Users\Acer\OneDrive\Desktop\HogIntel-Price&Weight-Estimation\data\regression\images\h184.jpeg,88
C:\Users\Acer\OneDrive\Desktop\HogIntel-Price&Weight-Estimation\data\regression\images\h185.jpeg,88
C:\Users\Acer\OneDrive\Desktop\HogIntel-Price&Weight-Estimation\data\regression\images\h186.jpeg,88
C:\Users\Acer\OneDrive\Desktop\HogIntel-Price&Weight-Estimation\data\regression\images\h187.jpeg,64
C:\Users\Acer\OneDrive\Desktop\HogIntel-Price&Weight-Estimation\data\regression\images\h188.jpeg,76
C:\Users\Acer\OneDrive\Desktop\HogIntel-Price&Weight-Estimation\data\regression\images\h189.jpeg,76
C:\Users\Acer\OneDrive\Desktop\HogIntel-Price&Weight-Estimation\data\regression\images\h190.jpeg,76
C:\Users\Acer\OneDrive\Desktop\HogIntel-Price&Weight-Estimation\data\regression\images\h191.jpeg,76
C:\Users\Acer\OneDrive\Desktop\HogIntel-Price&Weight-Estimation\data\regression\images\h192.jpeg,76
C:\Users\Acer\OneDrive\Desktop\HogIntel-Price&Weight-Estimation\data\regression\images\h193.jpeg,76
C:\Users\Acer\OneDrive\Desktop\HogIntel-Price&Weight-Estimation\data\regression\images\h194.jpeg,76
C:\Users\Acer\OneDrive\Desktop\HogIntel-Price&Weight-Estimation\data\regression\images\h195.jpeg,87
C:\Users\Acer\OneDrive\Desktop\HogIntel-Price&Weight-Estimation\data\regression\images\h196.jpeg,90
C:\Users\Acer\OneDrive\Desktop\HogIntel-Price&Weight-Estimation\data\regression\images\h197.jpeg,100
C:\Users\Acer\OneDrive\Desktop\HogIntel-Price&Weight-Estimation\data\regression\images\h198.jpeg,90
C:\Users\Acer\OneDrive\Desktop\HogIntel-Price&Weight-Estimation\data\regression\images\h199.jpeg,76
C:\Users\Acer\OneDrive\Desktop\HogIntel-Price&Weight-Estimation\data\regression\images\h200.jpeg,71
C:\Users\Acer\OneDrive\Desktop\HogIntel-Price&Weight-Estimation\data\regression\images\h201.jpeg,71
C:\Users\Acer\OneDrive\Desktop\HogIntel-Price&Weight-Estimation\data\regression\images\h202.jpeg,90
C:\Users\Acer\OneDrive\Desktop\HogIntel-Price&Weight-Estimation\data\regression\images\h203.jpeg,90
C:\Users\Acer\OneDrive\Desktop\HogIntel-Price&Weight-Estimation\data\regression\images\h204.jpeg,64
C:\Users\Acer\OneDrive\Desktop\HogIntel-Price&Weight-Estimation\data\regression\images\h205.jpeg,76
C:\Users\Acer\OneDrive\Desktop\HogIntel-Price&Weight-Estimation\data\regression\images\h206.jpeg,90
C:\Users\Acer\OneDrive\Desktop\HogIntel-Price&Weight-Estimation\data\regression\images\h207.jpeg,90
C:\Users\Acer\OneDrive\Desktop\HogIntel-Price&Weight-Estimation\data\regression\images\h208.jpeg,71
C:\Users\Acer\OneDrive\Desktop\HogIntel-Price&Weight-Estimation\data\regression\images\h209.jpeg,90
C:\Users\Acer\OneDrive\Desktop\HogIntel-Price&Weight-Estimation\data\regression\images\h210.jpeg,71
C:\Users\Acer\OneDrive\Desktop\HogIntel-Price&Weight-Estimation\data\regression\images\h211.jpeg,76
C:\Users\Acer\OneDrive\Desktop\HogIntel-Price&Weight-Estimation\data\regression\images\h212.jpeg,64
C:\Users\Acer\OneDrive\Desktop\HogIntel-Price&Weight-Estimation\data\regression\images\h213.jpeg,76
C:\Users\Acer\OneDrive\Desktop\HogIntel-Price&Weight-Estimation\data\regression\images\h214.jpeg,76
C:\Users\Acer\OneDrive\Desktop\HogIntel-Price&Weight-Estimation\data\regression\images\h215.jpeg,71
C:\Users\Acer\OneDrive\Desktop\HogIntel-Price&Weight-Estimation\data\regression\images\h216.jpeg,76
C:\Users\Acer\OneDrive\Desktop\HogIntel-Price&Weight-Estimation\data\regression\images\h217.jpeg,71
C:\Users\Acer\OneDrive\Desktop\HogIntel-Price&Weight-Estimation\data\regression\images\h218.jpeg,98
C:\Users\Acer\OneDrive\Desktop\HogIntel-Price&Weight-Estimation\data\regression\images\h219.jpeg,75
C:\Users\Acer\OneDrive\Desktop\HogIntel-Price&Weight-Estimation\data\regression\images\h220.jpeg,102
C:\Users\Acer\OneDrive\Desktop\HogIntel-Price&Weight-Estimation\data\regression\images\h221.jpeg,102
C:\Users\Acer\OneDrive\Desktop\HogIntel-Price&Weight-Estimation\data\regression\images\h222.jpeg,86
C:\Users\Acer\OneDrive\Desktop\HogIntel-Price&Weight-Estimation\data\regression\images\h223.jpeg,82
C:\Users\Acer\OneDrive\Desktop\HogIntel-Price&Weight-Estimation\data\regression\images\h224.jpeg,178

C:\Users\Acer\OneDrive\Desktop\HogIntel-Price&Weight-Estimation\data\regression\images\h226.jpeg,100
C:\Users\Acer\OneDrive\Desktop\HogIntel-Price&Weight-Estimation\data\regression\images\h227.jpeg,90
C:\Users\Acer\OneDrive\Desktop\HogIntel-Price&Weight-Estimation\data\regression\images\h228.jpeg,90
C:\Users\Acer\OneDrive\Desktop\HogIntel-Price&Weight-Estimation\data\regression\images\h229.jpeg,98
C:\Users\Acer\OneDrive\Desktop\HogIntel-Price&Weight-Estimation\data\regression\images\h230.jpeg,96
C:\Users\Acer\OneDrive\Desktop\HogIntel-Price&Weight-Estimation\data\regression\images\h231.jpeg,90

C:\Users\Acer\OneDrive\Desktop\HogIntel-Price&Weight-Estimation\data\regression\images\h233.jpeg,88
C:\Users\Acer\OneDrive\Desktop\HogIntel-Price&Weight-Estimation\data\regression\images\h234.jpeg,82
C:\Users\Acer\OneDrive\Desktop\HogIntel-Price&Weight-Estimation\data\regression\images\h235.jpeg,102
C:\Users\Acer\OneDrive\Desktop\HogIntel-Price&Weight-Estimation\data\regression\images\h236.jpeg,88
C:\Users\Acer\OneDrive\Desktop\HogIntel-Price&Weight-Estimation\data\regression\images\h237.jpeg,96
C:\Users\Acer\OneDrive\Desktop\HogIntel-Price&Weight-Estimation\data\regression\images\h238.jpeg,88
C:\Users\Acer\OneDrive\Desktop\HogIntel-Price&Weight-Estimation\data\regression\images\h239.jpeg,90
C:\Users\Acer\OneDrive\Desktop\HogIntel-Price&Weight-Estimation\data\regression\images\h240.jpeg,88
C:\Users\Acer\OneDrive\Desktop\HogIntel-Price&Weight-Estimation\data\regression\images\h241.jpeg,93

C:\Users\Acer\OneDrive\Desktop\HogIntel-Price&Weight-Estimation\data\regression\images\h243.jpeg,143

C:\Users\Acer\OneDrive\Desktop\HogIntel-Price&Weight-Estimation\data\regression\images\h245.jpeg,88

C:\Users\Acer\OneDrive\Desktop\HogIntel-Price&Weight-Estimation\data\regression\images\h248.jpeg,82
C:\Users\Acer\OneDrive\Desktop\HogIntel-Price&Weight-Estimation\data\regression\images\h249.jpeg,90
C:\Users\Acer\OneDrive\Desktop\HogIntel-Price&Weight-Estimation\data\regression\images\h250.jpeg,93
C:\Users\Acer\OneDrive\Desktop\HogIntel-Price&Weight-Estimation\data\regression\images\h251.jpeg,143
C:\Users\Acer\OneDrive\Desktop\HogIntel-Price&Weight-Estimation\data\regression\images\h252.jpeg,88
C:\Users\Acer\OneDrive\Desktop\HogIntel-Price&Weight-Estimation\data\regression\images\h253.jpeg,88
C:\Users\Acer\OneDrive\Desktop\HogIntel-Price&Weight-Estimation\data\regression\images\h254.jpeg,90
C:\Users\Acer\OneDrive\Desktop\HogIntel-Price&Weight-Estimation\data\regression\images\h255.jpeg,93
C:\Users\Acer\OneDrive\Desktop\HogIntel-Price&Weight-Estimation\data\regression\images\h256.jpeg,88
C:\Users\Acer\OneDrive\Desktop\HogIntel-Price&Weight-Estimation\data\regression\images\h257.jpeg,98
C:\Users\Acer\OneDrive\Desktop\HogIntel-Price&Weight-Estimation\data\regression\images\h258.jpeg,90
C:\Users\Acer\OneDrive\Desktop\HogIntel-Price&Weight-Estimation\data\regression\images\h259.jpeg,60


C:\Users\Acer\OneDrive\Desktop\HogIntel-Price&Weight-Estimation\data\regression\images\h262.jpeg,88
C:\Users\Acer\OneDrive\Desktop\HogIntel-Price&Weight-Estimation\data\regression\images\h263.jpeg,82
C:\Users\Acer\OneDrive\Desktop\HogIntel-Price&Weight-Estimation\data\regression\images\h264.jpeg,96

C:\Users\Acer\OneDrive\Desktop\HogIntel-Price&Weight-Estimation\data\regression\images\h266.jpeg,90
C:\Users\Acer\OneDrive\Desktop\HogIntel-Price&Weight-Estimation\data\regression\images\h267.jpeg,88
C:\Users\Acer\OneDrive\Desktop\HogIntel-Price&Weight-Estimation\data\regression\images\h268.jpeg,82

C:\Users\Acer\OneDrive\Desktop\HogIntel-Price&Weight-Estimation\data\regression\images\h270.jpeg,90
C:\Users\Acer\OneDrive\Desktop\HogIntel-Price&Weight-Estimation\data\regression\images\h271.jpeg,90
C:\Users\Acer\OneDrive\Desktop\HogIntel-Price&Weight-Estimation\data\regression\images\h272.jpeg,90

C:\Users\Acer\OneDrive\Desktop\HogIntel-Price&Weight-Estimation\data\regression\images\h274.jpeg,96
C:\Users\Acer\OneDrive\Desktop\HogIntel-Price&Weight-Estimation\data\regression\images\h275.jpeg,79
C:\Users\Acer\OneDrive\Desktop\HogIntel-Price&Weight-Estimation\data\regression\images\h276.jpeg,88
C:\Users\Acer\OneDrive\Desktop\HogIntel-Price&Weight-Estimation\data\regression\images\h277.jpeg,178
C:\Users\Acer\OneDrive\Desktop\HogIntel-Price&Weight-Estimation\data\regression\images\h278.jpeg,90
C:\Users\Acer\OneDrive\Desktop\HogIntel-Price&Weight-Estimation\data\regression\images\h279.jpeg,88

C:\Users\Acer\OneDrive\Desktop\HogIntel-Price&Weight-Estimation\data\regression\images\h281.jpeg,143
C:\Users\Acer\OneDrive\Desktop\HogIntel-Price&Weight-Estimation\data\regression\images\h282.jpeg,90
C:\Users\Acer\OneDrive\Desktop\HogIntel-Price&Weight-Estimation\data\regression\images\h283.jpeg,88
C:\Users\Acer\OneDrive\Desktop\HogIntel-Price&Weight-Estimation\data\regression\images\h284.jpeg,79
C:\Users\Acer\OneDrive\Desktop\HogIntel-Price&Weight-Estimation\data\regression\images\h285.jpeg,178
C:\Users\Acer\OneDrive\Desktop\HogIntel-Price&Weight-Estimation\data\regression\images\h286.jpeg,90
C:\Users\Acer\OneDrive\Desktop\HogIntel-Price&Weight-Estimation\data\regression\images\h287.jpeg,88

C:\Users\Acer\OneDrive\Desktop\HogIntel-Price&Weight-Estimation\data\regression\images\h289.jpeg,90
C:\Users\Acer\OneDrive\Desktop\HogIntel-Price&Weight-Estimation\data\regression\images\h290.jpeg,98

C:\Users\Acer\OneDrive\Desktop\HogIntel-Price&Weight-Estimation\data\regression\images\h292.jpeg,90
C:\Users\Acer\OneDrive\Desktop\HogIntel-Price&Weight-Estimation\data\regression\images\h293.jpeg,143
C:\Users\Acer\OneDrive\Desktop\HogIntel-Price&Weight-Estimation\data\regression\images\h294.jpeg,88
C:\Users\Acer\OneDrive\Desktop\HogIntel-Price&Weight-Estimation\data\regression\images\h295.jpeg,96

C:\Users\Acer\OneDrive\Desktop\HogIntel-Price&Weight-Estimation\data\regression\images\h297.jpeg,90
C:\Users\Acer\OneDrive\Desktop\HogIntel-Price&Weight-Estimation\data\regression\images\h298.jpeg,90
C:\Users\Acer\OneDrive\Desktop\HogIntel-Price&Weight-Estimation\data\regression\images\h299.jpeg,86
C:\Users\Acer\OneDrive\Desktop\HogIntel-Price&Weight-Estimation\data\regression\images\h300.jpeg,100
C:\Users\Acer\OneDrive\Desktop\HogIntel-Price&Weight-Estimation\data\regression\images\h301.jpeg,98
C:\Users\Acer\OneDrive\Desktop\HogIntel-Price&Weight-Estimation\data\regression\images\h302.jpeg,88
C:\Users\Acer\OneDrive\Desktop\HogIntel-Price&Weight-Estimation\data\regression\images\h303.jpeg,70
C:\Users\Acer\OneDrive\Desktop\HogIntel-Price&Weight-Estimation\data\regression\images\h305.jpeg,100
C:\Users\Acer\OneDrive\Desktop\HogIntel-Price&Weight-Estimation\data\regression\images\h306.jpeg,90
C:\Users\Acer\OneDrive\Desktop\HogIntel-Price&Weight-Estimation\data\regression\images\h307.jpeg,80
C:\Users\Acer\OneDrive\Desktop\HogIntel-Price&Weight-Estimation\data\regression\images\h308.jpeg,93
C:\Users\Acer\OneDrive\Desktop\HogIntel-Price&Weight-Estimation\data\regression\images\h309.jpeg,90
C:\Users\Acer\OneDrive\Desktop\HogIntel-Price&Weight-Estimation\data\regression\images\h310.jpeg,90
C:\Users\Acer\OneDrive\Desktop\HogIntel-Price&Weight-Estimation\data\regression\images\h311.jpeg,100
C:\Users\Acer\OneDrive\Desktop\HogIntel-Price&Weight-Estimation\data\regression\images\h312.jpeg,100
C:\Users\Acer\OneDrive\Desktop\HogIntel-Price&Weight-Estimation\data\regression\images\h313.jpeg,88
C:\Users\Acer\OneDrive\Desktop\HogIntel-Price&Weight-Estimation\data\regression\images\h314.jpeg,93
C:\Users\Acer\OneDrive\Desktop\HogIntel-Price&Weight-Estimation\data\regression\images\h315.jpeg,160
C:\Users\Acer\OneDrive\Desktop\HogIntel-Price&Weight-Estimation\data\regression\images\h316.jpeg,90

C:\Users\Acer\OneDrive\Desktop\HogIntel-Price&Weight-Estimation\data\regression\images\h318.jpeg,82
C:\Users\Acer\OneDrive\Desktop\HogIntel-Price&Weight-Estimation\data\regression\images\h319.jpeg,82
C:\Users\Acer\OneDrive\Desktop\HogIntel-Price&Weight-Estimation\data\regression\images\h320.jpeg,160
C:\Users\Acer\OneDrive\Desktop\HogIntel-Price&Weight-Estimation\data\regression\images\h321.jpeg,90
C:\Users\Acer\OneDrive\Desktop\HogIntel-Price&Weight-Estimation\data\regression\images\h322.jpeg,160
C:\Users\Acer\OneDrive\Desktop\HogIntel-Price&Weight-Estimation\data\regression\images\h323.jpeg,108

C:\Users\Acer\OneDrive\Desktop\HogIntel-Price&Weight-Estimation\data\regression\images\h325.jpeg,86
C:\Users\Acer\OneDrive\Desktop\HogIntel-Price&Weight-Estimation\data\regression\images\h326.jpeg,86

C:\Users\Acer\OneDrive\Desktop\HogIntel-Price&Weight-Estimation\data\regression\images\h328.jpeg,70

C:\Users\Acer\OneDrive\Desktop\HogIntel-Price&Weight-Estimation\data\regression\images\h331.jpeg,106

C:\Users\Acer\OneDrive\Desktop\HogIntel-Price&Weight-Estimation\data\regression\images\h336.jpeg,82

C:\Users\Acer\OneDrive\Desktop\HogIntel-Price&Weight-Estimation\data\regression\images\h338.jpeg,70
C:\Users\Acer\OneDrive\Desktop\HogIntel-Price&Weight-Estimation\data\regression\images\h339.jpeg,88
C:\Users\Acer\OneDrive\Desktop\HogIntel-Price&Weight-Estimation\data\regression\images\h340.jpeg,90
C:\Users\Acer\OneDrive\Desktop\HogIntel-Price&Weight-Estimation\data\regression\images\h341.jpeg,70

C:\Users\Acer\OneDrive\Desktop\HogIntel-Price&Weight-Estimation\data\regression\images\h345.jpeg,80
C:\Users\Acer\OneDrive\Desktop\HogIntel-Price&Weight-Estimation\data\regression\images\h346.jpeg,160
C:\Users\Acer\OneDrive\Desktop\HogIntel-Price&Weight-Estimation\data\regression\images\h347.jpeg,86
C:\Users\Acer\OneDrive\Desktop\HogIntel-Price&Weight-Estimation\data\regression\images\h348.jpeg,100
C:\Users\Acer\OneDrive\Desktop\HogIntel-Price&Weight-Estimation\data\regression\images\h349.jpeg,160
C:\Users\Acer\OneDrive\Desktop\HogIntel-Price&Weight-Estimation\data\regression\images\h350.jpeg,160
C:\Users\Acer\OneDrive\Desktop\HogIntel-Price&Weight-Estimation\data\regression\images\h351.jpeg,160
C:\Users\Acer\OneDrive\Desktop\HogIntel-Price&Weight-Estimation\data\regression\images\h352.jpeg,93
C:\Users\Acer\OneDrive\Desktop\HogIntel-Price&Weight-Estimation\data\regression\images\h353.jpeg,88
C:\Users\Acer\OneDrive\Desktop\HogIntel-Price&Weight-Estimation\data\regression\images\h354.jpeg,80
C:\Users\Acer\OneDrive\Desktop\HogIntel-Price&Weight-Estimation\data\regression\images\h355.jpeg,80
C:\Users\Acer\OneDrive\Desktop\HogIntel-Price&Weight-Estimation\data\regression\images\h356.jpeg,90
C:\Users\Acer\OneDrive\Desktop\HogIntel-Price&Weight-Estimation\data\regression\images\h357.jpeg,160
C:\Users\Acer\OneDrive\Desktop\HogIntel-Price&Weight-Estimation\data\regression\images\h358.jpeg,160
C:\Users\Acer\OneDrive\Desktop\HogIntel-Price&Weight-Estimation\data\regression\images\h359.jpeg,160
C:\Users\Acer\OneDrive\Desktop\HogIntel-Price&Weight-Estimation\data\regression\images\h360.jpeg,160
C:\Users\Acer\OneDrive\Desktop\HogIntel-Price&Weight-Estimation\data\regression\images\h361.jpeg,160
C:\Users\Acer\OneDrive\Desktop\HogIntel-Price&Weight-Estimation\data\regression\images\h362.jpeg,90
C:\Users\Acer\OneDrive\Desktop\HogIntel-Price&Weight-Estimation\data\regression\images\h363.jpeg,93
C:\Users\Acer\OneDrive\Desktop\HogIntel-Price&Weight-Estimation\data\regression\images\h364.jpeg,90
C:\Users\Acer\OneDrive\Desktop\HogIntel-Price&Weight-Estimation\data\regression\images\h365.jpeg,100
C:\Users\Acer\OneDrive\Desktop\HogIntel-Price&Weight-Estimation\data\regression\images\h366.jpeg,100
C:\Users\Acer\OneDrive\Desktop\HogIntel-Price&Weight-Estimation\data\regression\images\h367.jpeg,86
C:\Users\Acer\OneDrive\Desktop\HogIntel-Price&Weight-Estimation\data\regression\images\h368.jpeg,160
C:\Users\Acer\OneDrive\Desktop\HogIntel-Price&Weight-Estimation\data\regression\images\h369.jpeg,160
C:\Users\Acer\OneDrive\Desktop\HogIntel-Price&Weight-Estimation\data\regression\images\h370.jpeg,80
C:\Users\Acer\OneDrive\Desktop\HogIntel-Price&Weight-Estimation\data\regression\images\h371.jpeg,106
C:\Users\Acer\OneDrive\Desktop\HogIntel-Price&Weight-Estimation\data\regression\images\h372.jpeg,160
C:\Users\Acer\OneDrive\Desktop\HogIntel-Price&Weight-Estimation\data\regression\images\h373.jpeg,85
C:\Users\Acer\OneDrive\Desktop\HogIntel-Price&Weight-Estimation\data\regression\images\h374.jpeg,160
C:\Users\Acer\OneDrive\Desktop\HogIntel-Price&Weight-Estimation\data\regression\images\h375.jpeg,160
C:\Users\Acer\OneDrive\Desktop\HogIntel-Price&Weight-Estimation\data\regression\images\h376.jpeg,86
C:\Users\Acer\OneDrive\Desktop\HogIntel-Price&Weight-Estimation\data\regression\images\h377.jpeg,90
C:\Users\Acer\OneDrive\Desktop\HogIntel-Price&Weight-Estimation\data\regression\images\h378.jpeg,100
C:\Users\Acer\OneDrive\Desktop\HogIntel-Price&Weight-Estimation\data\regression\images\h379.jpeg,90
C:\Users\Acer\OneDrive\Desktop\HogIntel-Price&Weight-Estimation\data\regression\images\h380.jpeg,70
C:\Users\Acer\OneDrive\Desktop\HogIntel-Price&Weight-Estimation\data\regression\images\h381.jpeg,80
C:\Users\Acer\OneDrive\Desktop\HogIntel-Price&Weight-Estimation\data\regression\images\h382.jpeg,93
C:\Users\Acer\OneDrive\Desktop\HogIntel-Price&Weight-Estimation\data\regression\images\h383.jpeg,90
C:\Users\Acer\OneDrive\Desktop\HogIntel-Price&Weight-Estimation\data\regression\images\h384.jpeg,93
C:\Users\Acer\OneDrive\Desktop\HogIntel-Price&Weight-Estimation\data\regression\images\h385.jpeg,80
C:\Users\Acer\OneDrive\Desktop\HogIntel-Price&Weight-Estimation\data\regression\images\h386.jpeg,93
C:\Users\Acer\OneDrive\Desktop\HogIntel-Price&Weight-Estimation\data\regression\images\h387.jpeg,93
C:\Users\Acer\OneDrive\Desktop\HogIntel-Price&Weight-Estimation\data\regression\images\h388.jpeg,6
C:\Users\Acer\OneDrive\Desktop\HogIntel-Price&Weight-Estimation\data\regression\images\h389.jpeg,160
C:\Users\Acer\OneDrive\Desktop\HogIntel-Price&Weight-Estimation\data\regression\images\h390.jpeg,108
C:\Users\Acer\OneDrive\Desktop\HogIntel-Price&Weight-Estimation\data\regression\images\h391.jpeg,93
C:\Users\Acer\OneDrive\Desktop\HogIntel-Price&Weight-Estimation\data\regression\images\h392.jpeg,160
C:\Users\Acer\OneDrive\Desktop\HogIntel-Price&Weight-Estimation\data\regression\images\h393.jpeg,160
C:\Users\Acer\OneDrive\Desktop\HogIntel-Price&Weight-Estimation\data\regression\images\h394.jpeg,108
C:\Users\Acer\OneDrive\Desktop\HogIntel-Price&Weight-Estimation\data\regression\images\h395.jpeg,160
C:\Users\Acer\OneDrive\Desktop\HogIntel-Price&Weight-Estimation\data\regression\images\h396.jpeg,80
C:\Users\Acer\OneDrive\Desktop\HogIntel-Price&Weight-Estimation\data\regression\images\h397.jpeg,76
C:\Users\Acer\OneDrive\Desktop\HogIntel-Price&Weight-Estimation\data\regression\images\h398.jpeg,93
C:\Users\Acer\OneDrive\Desktop\HogIntel-Price&Weight-Estimation\data\regression\images\h399.jpeg,80
C:\Users\Acer\OneDrive\Desktop\HogIntel-Price&Weight-Estimation\data\regression\images\h400.jpeg,108
C:\Users\Acer\OneDrive\Desktop\HogIntel-Price&Weight-Estimation\data\regression\images\h401.jpeg,80
C:\Users\Acer\OneDrive\Desktop\HogIntel-Price&Weight-Estimation\data\regression\images\h402.jpeg,86
C:\Users\Acer\OneDrive\Desktop\HogIntel-Price&Weight-Estimation\data\regression\images\h403.jpeg,86
C:\Users\Acer\OneDrive\Desktop\HogIntel-Price&Weight-Estimation\data\regression\images\h404.jpeg,82
C:\Users\Acer\OneDrive\Desktop\HogIntel-Price&Weight-Estimation\data\regression\images\h405.jpeg,160
C:\Users\Acer\OneDrive\Desktop\HogIntel-Price&Weight-Estimation\data\regression\images\h406.jpeg,93
C:\Users\Acer\OneDrive\Desktop\HogIntel-Price&Weight-Estimation\data\regression\images\h407.jpeg,106
C:\Users\Acer\OneDrive\Desktop\HogIntel-Price&Weight-Estimation\data\regression\images\h408.jpeg,93
C:\Users\Acer\OneDrive\Desktop\HogIntel-Price&Weight-Estimation\data\regression\images\h409.jpeg,160
C:\Users\Acer\OneDrive\Desktop\HogIntel-Price&Weight-Estimation\data\regression\images\h410.jpeg,160
C:\Users\Acer\OneDrive\Desktop\HogIntel-Price&Weight-Estimation\data\regression\images\h411.jpeg,160
C:\Users\Acer\OneDrive\Desktop\HogIntel-Price&Weight-Estimation\data\regression\images\h412.jpeg,88
C:\Users\Acer\OneDrive\Desktop\HogIntel-Price&Weight-Estimation\data\regression\images\h413.jpeg,100
C:\Users\Acer\OneDrive\Desktop\HogIntel-Price&Weight-Estimation\data\regression\images\h414.jpeg,160
C:\Users\Acer\OneDrive\Desktop\HogIntel-Price&Weight-Estimation\data\regression\images\h415.jpeg,93
C:\Users\Acer\OneDrive\Desktop\HogIntel-Price&Weight-Estimation\data\regression\images\h416.jpeg,106
C:\Users\Acer\OneDrive\Desktop\HogIntel-Price&Weight-Estimation\data\regression\images\h417.jpeg,160
C:\Users\Acer\OneDrive\Desktop\HogIntel-Price&Weight-Estimation\data\regression\images\h418.jpeg,93
C:\Users\Acer\OneDrive\Desktop\HogIntel-Price&Weight-Estimation\data\regression\images\h419.jpeg,88
C:\Users\Acer\OneDrive\Desktop\HogIntel-Price&Weight-Estimation\data\regression\images\h420.jpeg,106
C:\Users\Acer\OneDrive\Desktop\HogIntel-Price&Weight-Estimation\data\regression\images\h421.jpeg,106
C:\Users\Acer\OneDrive\Desktop\HogIntel-Price&Weight-Estimation\data\regression\images\h422.jpeg,86
C:\Users\Acer\OneDrive\Desktop\HogIntel-Price&Weight-Estimation\data\regression\images\h423.jpeg,80
C:\Users\Acer\OneDrive\Desktop\HogIntel-Price&Weight-Estimation\data\regression\images\h424.jpeg,160
C:\Users\Acer\OneDrive\Desktop\HogIntel-Price&Weight-Estimation\data\regression\images\h425.jpeg,160
C:\Users\Acer\OneDrive\Desktop\HogIntel-Price&Weight-Estimation\data\regression\images\h426.jpeg,100
C:\Users\Acer\OneDrive\Desktop\HogIntel-Price&Weight-Estimation\data\regression\images\h427.jpeg,108
C:\Users\Acer\OneDrive\Desktop\HogIntel-Price&Weight-Estimation\data\regression\images\h428.jpeg,82
C:\Users\Acer\OneDrive\Desktop\HogIntel-Price&Weight-Estimation\data\regression\images\h429.jpeg,106
C:\Users\Acer\OneDrive\Desktop\HogIntel-Price&Weight-Estimation\data\regression\images\h430.jpeg,160

C:\Users\Acer\OneDrive\Desktop\HogIntel-Price&Weight-Estimation\data\regression\images\h432.jpeg,160
C:\Users\Acer\OneDrive\Desktop\HogIntel-Price&Weight-Estimation\data\regression\images\h433.jpeg,86
C:\Users\Acer\OneDrive\Desktop\HogIntel-Price&Weight-Estimation\data\regression\images\h434.jpeg,70
C:\Users\Acer\OneDrive\Desktop\HogIntel-Price&Weight-Estimation\data\regression\images\h435.jpeg,85
C:\Users\Acer\OneDrive\Desktop\HogIntel-Price&Weight-Estimation\data\regression\images\h436.jpeg,160
C:\Users\Acer\OneDrive\Desktop\HogIntel-Price&Weight-Estimation\data\regression\images\h437.jpeg,160
C:\Users\Acer\OneDrive\Desktop\HogIntel-Price&Weight-Estimation\data\regression\images\h438.jpeg,80
C:\Users\Acer\OneDrive\Desktop\HogIntel-Price&Weight-Estimation\data\regression\images\h439.jpeg,108
C:\Users\Acer\OneDrive\Desktop\HogIntel-Price&Weight-Estimation\data\regression\images\h440.jpeg,108
C:\Users\Acer\OneDrive\Desktop\HogIntel-Price&Weight-Estimation\data\regression\images\h441.jpeg,86
C:\Users\Acer\OneDrive\Desktop\HogIntel-Price&Weight-Estimation\data\regression\images\h442.jpeg,85
C:\Users\Acer\OneDrive\Desktop\HogIntel-Price&Weight-Estimation\data\regression\images\h443.jpeg,80
C:\Users\Acer\OneDrive\Desktop\HogIntel-Price&Weight-Estimation\data\regression\images\h444.jpeg,91
C:\Users\Acer\OneDrive\Desktop\HogIntel-Price&Weight-Estimation\data\regression\images\h445.jpeg,86
C:\Users\Acer\OneDrive\Desktop\HogIntel-Price&Weight-Estimation\data\regression\images\h446.jpeg,70
C:\Users\Acer\OneDrive\Desktop\HogIntel-Price&Weight-Estimation\data\regression\images\h447.jpeg,108
C:\Users\Acer\OneDrive\Desktop\HogIntel-Price&Weight-Estimation\data\regression\images\h448.jpeg,100
C:\Users\Acer\OneDrive\Desktop\HogIntel-Price&Weight-Estimation\data\regression\images\h449.jpeg,100
C:\Users\Acer\OneDrive\Desktop\HogIntel-Price&Weight-Estimation\data\regression\images\h450.jpeg,85
C:\Users\Acer\OneDrive\Desktop\HogIntel-Price&Weight-Estimation\data\regression\images\h451.jpeg,160
C:\Users\Acer\OneDrive\Desktop\HogIntel-Price&Weight-Estimation\data\regression\images\h452.jpeg,82
C:\Users\Acer\OneDrive\Desktop\HogIntel-Price&Weight-Estimation\data\regression\images\h453.jpeg,106
C:\Users\Acer\OneDrive\Desktop\HogIntel-Price&Weight-Estimation\data\regression\images\h454.jpeg,100
C:\Users\Acer\OneDrive\Desktop\HogIntel-Price&Weight-Estimation\data\regression\images\h455.jpeg,85
C:\Users\Acer\OneDrive\Desktop\HogIntel-Price&Weight-Estimation\data\regression\images\h456.jpeg,80
C:\Users\Acer\OneDrive\Desktop\HogIntel-Price&Weight-Estimation\data\regression\images\h457.jpeg,91
C:\Users\Acer\OneDrive\Desktop\HogIntel-Price&Weight-Estimation\data\regression\images\h458.jpeg,106
C:\Users\Acer\OneDrive\Desktop\HogIntel-Price&Weight-Estimation\data\regression\images\h459.jpeg,108
C:\Users\Acer\OneDrive\Desktop\HogIntel-Price&Weight-Estimation\data\regression\images\h460.jpeg,160
C:\Users\Acer\OneDrive\Desktop\HogIntel-Price&Weight-Estimation\data\regression\images\h461.jpeg,85
C:\Users\Acer\OneDrive\Desktop\HogIntel-Price&Weight-Estimation\data\regression\images\h462.jpeg,81
C:\Users\Acer\OneDrive\Desktop\HogIntel-Price&Weight-Estimation\data\regression\images\h463.jpeg,108
C:\Users\Acer\OneDrive\Desktop\HogIntel-Price&Weight-Estimation\data\regression\images\h464.jpeg,91
C:\Users\Acer\OneDrive\Desktop\HogIntel-Price&Weight-Estimation\data\regression\images\h465.jpeg,160
C:\Users\Acer\OneDrive\Desktop\HogIntel-Price&Weight-Estimation\data\regression\images\h466.jpeg,85
C:\Users\Acer\OneDrive\Desktop\HogIntel-Price&Weight-Estimation\data\regression\images\h467.jpeg,108
C:\Users\Acer\OneDrive\Desktop\HogIntel-Price&Weight-Estimation\data\regression\images\h468.jpeg,80
C:\Users\Acer\OneDrive\Desktop\HogIntel-Price&Weight-Estimation\data\regression\images\h469.jpeg,160
C:\Users\Acer\OneDrive\Desktop\HogIntel-Price&Weight-Estimation\data\regression\images\h470.jpeg,160
C:\Users\Acer\OneDrive\Desktop\HogIntel-Price&Weight-Estimation\data\regression\images\h471.jpeg,160
C:\Users\Acer\OneDrive\Desktop\HogIntel-Price&Weight-Estimation\data\regression\images\h472.jpeg,108
C:\Users\Acer\OneDrive\Desktop\HogIntel-Price&Weight-Estimation\data\regression\images\h473.jpeg,85
C:\Users\Acer\OneDrive\Desktop\HogIntel-Price&Weight-Estimation\data\regression\images\h474.jpeg,160
C:\Users\Acer\OneDrive\Desktop\HogIntel-Price&Weight-Estimation\data\regression\images\h475.jpeg,85
C:\Users\Acer\OneDrive\Desktop\HogIntel-Price&Weight-Estimation\data\regression\images\h476.jpeg,85
C:\Users\Acer\OneDrive\Desktop\HogIntel-Price&Weight-Estimation\data\regression\images\h477.jpeg,80
C:\Users\Acer\OneDrive\Desktop\HogIntel-Price&Weight-Estimation\data\regression\images\h478.jpeg,108
C:\Users\Acer\OneDrive\Desktop\HogIntel-Price&Weight-Estimation\data\regression\images\h479.jpeg,94
C:\Users\Acer\OneDrive\Desktop\HogIntel-Price&Weight-Estimation\data\regression\images\h480.jpeg,85
C:\Users\Acer\OneDrive\Desktop\HogIntel-Price&Weight-Estimation\data\regression\images\h481.jpeg,85
C:\Users\Acer\OneDrive\Desktop\HogIntel-Price&Weight-Estimation\data\regression\images\h482.jpeg,85
C:\Users\Acer\OneDrive\Desktop\HogIntel-Price&Weight-Estimation\data\regression\images\h483.jpeg,85
C:\Users\Acer\OneDrive\Desktop\HogIntel-Price&Weight-Estimation\data\regression\images\h484.jpeg,275
C:\Users\Acer\OneDrive\Desktop\HogIntel-Price&Weight-Estimation\data\regression\images\h485.jpeg,96
C:\Users\Acer\OneDrive\Desktop\HogIntel-Price&Weight-Estimation\data\regression\images\h486.jpeg,85
C:\Users\Acer\OneDrive\Desktop\HogIntel-Price&Weight-Estimation\data\regression\images\h487.jpeg,85
C:\Users\Acer\OneDrive\Desktop\HogIntel-Price&Weight-Estimation\data\regression\images\h488.jpeg,97
C:\Users\Acer\OneDrive\Desktop\HogIntel-Price&Weight-Estimation\data\regression\images\h489.jpeg,97
C:\Users\Acer\OneDrive\Desktop\HogIntel-Price&Weight-Estimation\data\regression\images\h490.jpeg,96
C:\Users\Acer\OneDrive\Desktop\HogIntel-Price&Weight-Estimation\data\regression\images\h491.jpeg,85
C:\Users\Acer\OneDrive\Desktop\HogIntel-Price&Weight-Estimation\data\regression\images\h492.jpeg,75
C:\Users\Acer\OneDrive\Desktop\HogIntel-Price&Weight-Estimation\data\regression\images\h493.jpeg,85
C:\Users\Acer\OneDrive\Desktop\HogIntel-Price&Weight-Estimation\data\regression\images\h494.jpeg,94
C:\Users\Acer\OneDrive\Desktop\HogIntel-Price&Weight-Estimation\data\regression\images\h495.jpeg,85
C:\Users\Acer\OneDrive\Desktop\HogIntel-Price&Weight-Estimation\data\regression\images\h496.jpeg,94
C:\Users\Acer\OneDrive\Desktop\HogIntel-Price&Weight-Estimation\data\regression\images\h497.jpeg,275
C:\Users\Acer\OneDrive\Desktop\HogIntel-Price&Weight-Estimation\data\regression\images\h498.jpeg,85
C:\Users\Acer\OneDrive\Desktop\HogIntel-Price&Weight-Estimation\data\regression\images\h499.jpeg,94
C:\Users\Acer\OneDrive\Desktop\HogIntel-Price&Weight-Estimation\data\regression\images\h500.jpeg,94
C:\Users\Acer\OneDrive\Desktop\HogIntel-Price&Weight-Estimation\data\regression\images\h501.jpeg,85
C:\Users\Acer\OneDrive\Desktop\HogIntel-Price&Weight-Estimation\data\regression\images\h502.jpeg,78
C:\Users\Acer\OneDrive\Desktop\HogIntel-Price&Weight-Estimation\data\regression\images\h503.jpeg,85
C:\Users\Acer\OneDrive\Desktop\HogIntel-Price&Weight-Estimation\data\regression\images\h504.jpeg,85
C:\Users\Acer\OneDrive\Desktop\HogIntel-Price&Weight-Estimation\data\regression\images\h505.jpeg,82
C:\Users\Acer\OneDrive\Desktop\HogIntel-Price&Weight-Estimation\data\regression\images\h506.jpeg,92
C:\Users\Acer\OneDrive\Desktop\HogIntel-Price&Weight-Estimation\data\regression\images\h507.jpeg,82
C:\Users\Acer\OneDrive\Desktop\HogIntel-Price&Weight-Estimation\data\regression\images\h508.jpeg,85
C:\Users\Acer\OneDrive\Desktop\HogIntel-Price&Weight-Estimation\data\regression\images\h509.jpeg,94
C:\Users\Acer\OneDrive\Desktop\HogIntel-Price&Weight-Estimation\data\regression\images\h510.jpeg,85
C:\Users\Acer\OneDrive\Desktop\HogIntel-Price&Weight-Estimation\data\regression\images\h511.jpeg,85
C:\Users\Acer\OneDrive\Desktop\HogIntel-Price&Weight-Estimation\data\regression\images\h512.jpeg,85
C:\Users\Acer\OneDrive\Desktop\HogIntel-Price&Weight-Estimation\data\regression\images\h513.jpeg,85
C:\Users\Acer\OneDrive\Desktop\HogIntel-Price&Weight-Estimation\data\regression\images\h514.jpeg,92
C:\Users\Acer\OneDrive\Desktop\HogIntel-Price&Weight-Estimation\data\regression\images\h515.jpeg,85
C:\Users\Acer\OneDrive\Desktop\HogIntel-Price&Weight-Estimation\data\regression\images\h516.jpeg,85
C:\Users\Acer\OneDrive\Desktop\HogIntel-Price&Weight-Estimation\data\regression\images\h517.jpeg,78
C:\Users\Acer\OneDrive\Desktop\HogIntel-Price&Weight-Estimation\data\regression\images\h518.jpeg,94
C:\Users\Acer\OneDrive\Desktop\HogIntel-Price&Weight-Estimation\data\regression\images\h519.jpeg,94
C:\Users\Acer\OneDrive\Desktop\HogIntel-Price&Weight-Estimation\data\regression\images\h520.jpeg,94
C:\Users\Acer\OneDrive\Desktop\HogIntel-Price&Weight-Estimation\data\regression\images\h521.jpeg,97
C:\Users\Acer\OneDrive\Desktop\HogIntel-Price&Weight-Estimation\data\regression\images\h522.jpeg,97
C:\Users\Acer\OneDrive\Desktop\HogIntel-Price&Weight-Estimation\data\regression\images\h523.jpeg,97
C:\Users\Acer\OneDrive\Desktop\HogIntel-Price&Weight-Estimation\data\regression\images\h524.jpeg,97
C:\Users\Acer\OneDrive\Desktop\HogIntel-Price&Weight-Estimation\data\regression\images\h525.jpeg,85
C:\Users\Acer\OneDrive\Desktop\HogIntel-Price&Weight-Estimation\data\regression\images\h526.jpeg,85
C:\Users\Acer\OneDrive\Desktop\HogIntel-Price&Weight-Estimation\data\regression\images\h527.jpeg,97
C:\Users\Acer\OneDrive\Desktop\HogIntel-Price&Weight-Estimation\data\regression\images\h528.jpeg,85
C:\Users\Acer\OneDrive\Desktop\HogIntel-Price&Weight-Estimation\data\regression\images\h529.jpeg,85
C:\Users\Acer\OneDrive\Desktop\HogIntel-Price&Weight-Estimation\data\regression\images\h530.jpeg,78
C:\Users\Acer\OneDrive\Desktop\HogIntel-Price&Weight-Estimation\data\regression\images\h531.jpeg,97
C:\Users\Acer\OneDrive\Desktop\HogIntel-Price&Weight-Estimation\data\regression\images\h532.jpeg,93
C:\Users\Acer\OneDrive\Desktop\HogIntel-Price&Weight-Estimation\data\regression\images\h533.jpeg,85
C:\Users\Acer\OneDrive\Desktop\HogIntel-Price&Weight-Estimation\data\regression\images\h534.jpeg,61
C:\Users\Acer\OneDrive\Desktop\HogIntel-Price&Weight-Estimation\data\regression\images\h535.jpeg,85
C:\Users\Acer\OneDrive\Desktop\HogIntel-Price&Weight-Estimation\data\regression\images\h536.jpeg,82
C:\Users\Acer\OneDrive\Desktop\HogIntel-Price&Weight-Estimation\data\regression\images\h537.jpeg,92
C:\Users\Acer\OneDrive\Desktop\HogIntel-Price&Weight-Estimation\data\regression\images\h538.jpeg,82
C:\Users\Acer\OneDrive\Desktop\HogIntel-Price&Weight-Estimation\data\regression\images\h539.jpeg,85
C:\Users\Acer\OneDrive\Desktop\HogIntel-Price&Weight-Estimation\data\regression\images\h540.jpeg,85
C:\Users\Acer\OneDrive\Desktop\HogIntel-Price&Weight-Estimation\data\regression\images\h541.jpeg,85
C:\Users\Acer\OneDrive\Desktop\HogIntel-Price&Weight-Estimation\data\regression\images\h542.jpeg,85
C:\Users\Acer\OneDrive\Desktop\HogIntel-Price&Weight-Estimation\data\regression\images\h543.jpeg,92
C:\Users\Acer\OneDrive\Desktop\HogIntel-Price&Weight-Estimation\data\regression\images\h545.jpeg,275
C:\Users\Acer\OneDrive\Desktop\HogIntel-Price&Weight-Estimation\data\regression\images\h546.jpeg,92
C:\Users\Acer\OneDrive\Desktop\HogIntel-Price&Weight-Estimation\data\regression\images\h547.jpeg,61
C:\Users\Acer\OneDrive\Desktop\HogIntel-Price&Weight-Estimation\data\regression\images\h548.jpeg,94
C:\Users\Acer\OneDrive\Desktop\HogIntel-Price&Weight-Estimation\data\regression\images\h549.jpeg,61
C:\Users\Acer\OneDrive\Desktop\HogIntel-Price&Weight-Estimation\data\regression\images\h550.jpeg,85
C:\Users\Acer\OneDrive\Desktop\HogIntel-Price&Weight-Estimation\data\regression\images\h551.jpeg,69
C:\Users\Acer\OneDrive\Desktop\HogIntel-Price&Weight-Estimation\data\regression\images\h552.jpeg,85
C:\Users\Acer\OneDrive\Desktop\HogIntel-Price&Weight-Estimation\data\regression\images\h553.jpeg,78
C:\Users\Acer\OneDrive\Desktop\HogIntel-Price&Weight-Estimation\data\regression\images\h554.jpeg,94
C:\Users\Acer\OneDrive\Desktop\HogIntel-Price&Weight-Estimation\data\regression\images\h555.jpeg,275
C:\Users\Acer\OneDrive\Desktop\HogIntel-Price&Weight-Estimation\data\regression\images\h556.jpeg,92
C:\Users\Acer\OneDrive\Desktop\HogIntel-Price&Weight-Estimation\data\regression\images\h558.jpeg,61
C:\Users\Acer\OneDrive\Desktop\HogIntel-Price&Weight-Estimation\data\regression\images\h559.jpeg,78
C:\Users\Acer\OneDrive\Desktop\HogIntel-Price&Weight-Estimation\data\regression\images\h560.jpeg,92
C:\Users\Acer\OneDrive\Desktop\HogIntel-Price&Weight-Estimation\data\regression\images\h561.jpeg,82
C:\Users\Acer\OneDrive\Desktop\HogIntel-Price&Weight-Estimation\data\regression\images\h562.jpeg,250
C:\Users\Acer\OneDrive\Desktop\HogIntel-Price&Weight-Estimation\data\regression\images\h563.jpeg,85
C:\Users\Acer\OneDrive\Desktop\HogIntel-Price&Weight-Estimation\data\regression\images\h564.jpeg,93
C:\Users\Acer\OneDrive\Desktop\HogIntel-Price&Weight-Estimation\data\regression\images\h565.jpeg,85
C:\Users\Acer\OneDrive\Desktop\HogIntel-Price&Weight-Estimation\data\regression\images\h566.jpeg,94
C:\Users\Acer\OneDrive\Desktop\HogIntel-Price&Weight-Estimation\data\regression\images\h567.jpeg,80
C:\Users\Acer\OneDrive\Desktop\HogIntel-Price&Weight-Estimation\data\regression\images\h568.jpeg,85
C:\Users\Acer\OneDrive\Desktop\HogIntel-Price&Weight-Estimation\data\regression\images\h569.jpeg,97
C:\Users\Acer\OneDrive\Desktop\HogIntel-Price&Weight-Estimation\data\regression\images\h570.jpeg,92
C:\Users\Acer\OneDrive\Desktop\HogIntel-Price&Weight-Estimation\data\regression\images\h571.jpeg,275
C:\Users\Acer\OneDrive\Desktop\HogIntel-Price&Weight-Estimation\data\regression\images\h572.jpeg,85
C:\Users\Acer\OneDrive\Desktop\HogIntel-Price&Weight-Estimation\data\regression\images\h573.jpeg,78
C:\Users\Acer\OneDrive\Desktop\HogIntel-Price&Weight-Estimation\data\regression\images\h574.jpeg,80
C:\Users\Acer\OneDrive\Desktop\HogIntel-Price&Weight-Estimation\data\regression\images\h575.jpeg,92
C:\Users\Acer\OneDrive\Desktop\HogIntel-Price&Weight-Estimation\data\regression\images\h576.jpeg,78
C:\Users\Acer\OneDrive\Desktop\HogIntel-Price&Weight-Estimation\data\regression\images\h577.jpeg,92
C:\Users\Acer\OneDrive\Desktop\HogIntel-Price&Weight-Estimation\data\regression\images\h578.jpeg,85
C:\Users\Acer\OneDrive\Desktop\HogIntel-Price&Weight-Estimation\data\regression\images\h579.jpeg,82
C:\Users\Acer\OneDrive\Desktop\HogIntel-Price&Weight-Estimation\data\regression\images\h580.jpeg,96
C:\Users\Acer\OneDrive\Desktop\HogIntel-Price&Weight-Estimation\data\regression\images\h581.jpeg,85
C:\Users\Acer\OneDrive\Desktop\HogIntel-Price&Weight-Estimation\data\regression\images\h582.jpeg,85
C:\Users\Acer\OneDrive\Desktop\HogIntel-Price&Weight-Estimation\data\regression\images\h583.jpeg,85
C:\Users\Acer\OneDrive\Desktop\HogIntel-Price&Weight-Estimation\data\regression\images\h584.jpeg,250
C:\Users\Acer\OneDrive\Desktop\HogIntel-Price&Weight-Estimation\data\regression\images\h585.jpeg,92
C:\Users\Acer\OneDrive\Desktop\HogIntel-Price&Weight-Estimation\data\regression\images\h586.jpeg,96
C:\Users\Acer\OneDrive\Desktop\HogIntel-Price&Weight-Estimation\data\regression\images\h587.jpeg,85
C:\Users\Acer\OneDrive\Desktop\HogIntel-Price&Weight-Estimation\data\regression\images\h588.jpeg,97
C:\Users\Acer\OneDrive\Desktop\HogIntel-Price&Weight-Estimation\data\regression\images\h589.jpeg,96
C:\Users\Acer\OneDrive\Desktop\HogIntel-Price&Weight-Estimation\data\regression\images\h590.jpeg,82
C:\Users\Acer\OneDrive\Desktop\HogIntel-Price&Weight-Estimation\data\regression\images\h591.jpeg,85
C:\Users\Acer\OneDrive\Desktop\HogIntel-Price&Weight-Estimation\data\regression\images\h592.jpeg,250
C:\Users\Acer\OneDrive\Desktop\HogIntel-Price&Weight-Estimation\data\regression\images\h593.jpeg,275
C:\Users\Acer\OneDrive\Desktop\HogIntel-Price&Weight-Estimation\data\regression\images\h594.jpeg,92
C:\Users\Acer\OneDrive\Desktop\HogIntel-Price&Weight-Estimation\data\regression\images\h595.jpeg,96
C:\Users\Acer\OneDrive\Desktop\HogIntel-Price&Weight-Estimation\data\regression\images\h596.jpeg,96
C:\Users\Acer\OneDrive\Desktop\HogIntel-Price&Weight-Estimation\data\regression\images\h597.jpeg,85
C:\Users\Acer\OneDrive\Desktop\HogIntel-Price&Weight-Estimation\data\regression\images\h598.jpeg,94
C:\Users\Acer\OneDrive\Desktop\HogIntel-Price&Weight-Estimation\data\regression\images\h599.jpeg,78
C:\Users\Acer\OneDrive\Desktop\HogIntel-Price&Weight-Estimation\data\regression\images\h600.jpeg,275
C:\Users\Acer\OneDrive\Desktop\HogIntel-Price&Weight-Estimation\data\regression\images\h601.jpeg,92
C:\Users\Acer\OneDrive\Desktop\HogIntel-Price&Weight-Estimation\data\regression\images\h602.jpeg,94
C:\Users\Acer\OneDrive\Desktop\HogIntel-Price&Weight-Estimation\data\regression\images\h603.jpeg,85
C:\Users\Acer\OneDrive\Desktop\HogIntel-Price&Weight-Estimation\data\regression\images\h604.jpeg,92
C:\Users\Acer\OneDrive\Desktop\HogIntel-Price&Weight-Estimation\data\regression\images\h605.jpeg,96
C:\Users\Acer\OneDrive\Desktop\HogIntel-Price&Weight-Estimation\data\regression\images\h606.jpeg,110
C:\Users\Acer\OneDrive\Desktop\HogIntel-Price&Weight-Estimation\data\regression\images\h607.jpeg,85
C:\Users\Acer\OneDrive\Desktop\HogIntel-Price&Weight-Estimation\data\regression\images\h608.jpeg,85
C:\Users\Acer\OneDrive\Desktop\HogIntel-Price&Weight-Estimation\data\regression\images\h609.jpeg,94
C:\Users\Acer\OneDrive\Desktop\HogIntel-Price&Weight-Estimation\data\regression\images\h610.jpeg,85
C:\Users\Acer\OneDrive\Desktop\HogIntel-Price&Weight-Estimation\data\regression\images\h611.jpeg,250
C:\Users\Acer\OneDrive\Desktop\HogIntel-Price&Weight-Estimation\data\regression\images\h612.jpeg,94
C:\Users\Acer\OneDrive\Desktop\HogIntel-Price&Weight-Estimation\data\regression\images\h613.jpeg,69
C:\Users\Acer\OneDrive\Desktop\HogIntel-Price&Weight-Estimation\data\regression\images\h614.jpeg,85
C:\Users\Acer\OneDrive\Desktop\HogIntel-Price&Weight-Estimation\data\regression\images\h615.jpeg,85
C:\Users\Acer\OneDrive\Desktop\HogIntel-Price&Weight-Estimation\data\regression\images\h616.jpeg,85
C:\Users\Acer\OneDrive\Desktop\HogIntel-Price&Weight-Estimation\data\regression\images\h617.jpeg,92
C:\Users\Acer\OneDrive\Desktop\HogIntel-Price&Weight-Estimation\data\regression\images\h618.jpeg,85
C:\Users\Acer\OneDrive\Desktop\HogIntel-Price&Weight-Estimation\data\regression\images\h619.jpeg,250
C:\Users\Acer\OneDrive\Desktop\HogIntel-Price&Weight-Estimation\data\regression\images\h620.jpeg,96
C:\Users\Acer\OneDrive\Desktop\HogIntel-Price&Weight-Estimation\data\regression\images\h621.jpeg,92
C:\Users\Acer\OneDrive\Desktop\HogIntel-Price&Weight-Estimation\data\regression\images\h622.jpeg,78
C:\Users\Acer\OneDrive\Desktop\HogIntel-Price&Weight-Estimation\data\regression\images\h623.jpeg,92
C:\Users\Acer\OneDrive\Desktop\HogIntel-Price&Weight-Estimation\data\regression\images\h624.jpeg,78
C:\Users\Acer\OneDrive\Desktop\HogIntel-Price&Weight-Estimation\data\regression\images\h625.jpeg,85
C:\Users\Acer\OneDrive\Desktop\HogIntel-Price&Weight-Estimation\data\regression\images\h626.jpeg,94
C:\Users\Acer\OneDrive\Desktop\HogIntel-Price&Weight-Estimation\data\regression\images\h627.jpeg,92
C:\Users\Acer\OneDrive\Desktop\HogIntel-Price&Weight-Estimation\data\regression\images\h628.jpeg,78
C:\Users\Acer\OneDrive\Desktop\HogIntel-Price&Weight-Estimation\data\regression\images\h629.jpeg,94
C:\Users\Acer\OneDrive\Desktop\HogIntel-Price&Weight-Estimation\data\regression\images\h630.jpeg,92
C:\Users\Acer\OneDrive\Desktop\HogIntel-Price&Weight-Estimation\data\regression\images\h631.jpeg,85
C:\Users\Acer\OneDrive\Desktop\HogIntel-Price&Weight-Estimation\data\regression\images\h632.jpeg,250
C:\Users\Acer\OneDrive\Desktop\HogIntel-Price&Weight-Estimation\data\regression\images\h633.jpeg,92
C:\Users\Acer\OneDrive\Desktop\HogIntel-Price&Weight-Estimation\data\regression\images\h634.jpeg,85
C:\Users\Acer\OneDrive\Desktop\HogIntel-Price&Weight-Estimation\data\regression\images\h635.jpeg,85
C:\Users\Acer\OneDrive\Desktop\HogIntel-Price&Weight-Estimation\data\regression\images\h636.jpeg,94
C:\Users\Acer\OneDrive\Desktop\HogIntel-Price&Weight-Estimation\data\regression\images\h637.jpeg,94
C:\Users\Acer\OneDrive\Desktop\HogIntel-Price&Weight-Estimation\data\regression\images\h638.jpeg,85
C:\Users\Acer\OneDrive\Desktop\HogIntel-Price&Weight-Estimation\data\regression\images\h639.jpeg,100
C:\Users\Acer\OneDrive\Desktop\HogIntel-Price&Weight-Estimation\data\regression\images\h640.jpeg,78
C:\Users\Acer\OneDrive\Desktop\HogIntel-Price&Weight-Estimation\data\regression\images\h641.jpeg,81
C:\Users\Acer\OneDrive\Desktop\HogIntel-Price&Weight-Estimation\data\regression\images\h642.jpeg,90
C:\Users\Acer\OneDrive\Desktop\HogIntel-Price&Weight-Estimation\data\regression\images\h643.jpeg,94
C:\Users\Acer\OneDrive\Desktop\HogIntel-Price&Weight-Estimation\data\regression\images\h644.jpeg,94
C:\Users\Acer\OneDrive\Desktop\HogIntel-Price&Weight-Estimation\data\regression\images\h645.jpeg,94
C:\Users\Acer\OneDrive\Desktop\HogIntel-Price&Weight-Estimation\data\regression\images\h646.jpeg,94
C:\Users\Acer\OneDrive\Desktop\HogIntel-Price&Weight-Estimation\data\regression\images\h647.jpeg,111
C:\Users\Acer\OneDrive\Desktop\HogIntel-Price&Weight-Estimation\data\regression\images\h648.jpeg,81
C:\Users\Acer\OneDrive\Desktop\HogIntel-Price&Weight-Estimation\data\regression\images\h649.jpeg,95
C:\Users\Acer\OneDrive\Desktop\HogIntel-Price&Weight-Estimation\data\regression\images\h650.jpeg,90
C:\Users\Acer\OneDrive\Desktop\HogIntel-Price&Weight-Estimation\data\regression\images\h651.jpeg,95
C:\Users\Acer\OneDrive\Desktop\HogIntel-Price&Weight-Estimation\data\regression\images\h652.jpeg,125
C:\Users\Acer\OneDrive\Desktop\HogIntel-Price&Weight-Estimation\data\regression\images\h653.jpeg,94
C:\Users\Acer\OneDrive\Desktop\HogIntel-Price&Weight-Estimation\data\regression\images\h654.jpeg,113
C:\Users\Acer\OneDrive\Desktop\HogIntel-Price&Weight-Estimation\data\regression\images\h655.jpeg,94
C:\Users\Acer\OneDrive\Desktop\HogIntel-Price&Weight-Estimation\data\regression\images\h656.jpeg,128
C:\Users\Acer\OneDrive\Desktop\HogIntel-Price&Weight-Estimation\data\regression\images\h657.jpeg,128
C:\Users\Acer\OneDrive\Desktop\HogIntel-Price&Weight-Estimation\data\regression\images\h658.jpeg,94
C:\Users\Acer\OneDrive\Desktop\HogIntel-Price&Weight-Estimation\data\regression\images\h659.jpeg,128
C:\Users\Acer\OneDrive\Desktop\HogIntel-Price&Weight-Estimation\data\regression\images\h660.jpeg,90
C:\Users\Acer\OneDrive\Desktop\HogIntel-Price&Weight-Estimation\data\regression\images\h661.jpeg,113
C:\Users\Acer\OneDrive\Desktop\HogIntel-Price&Weight-Estimation\data\regression\images\h662.jpeg,126
C:\Users\Acer\OneDrive\Desktop\HogIntel-Price&Weight-Estimation\data\regression\images\h663.jpeg,81
C:\Users\Acer\OneDrive\Desktop\HogIntel-Price&Weight-Estimation\data\regression\images\h664.jpeg,94
C:\Users\Acer\OneDrive\Desktop\HogIntel-Price&Weight-Estimation\data\regression\images\h665.jpeg,91
C:\Users\Acer\OneDrive\Desktop\HogIntel-Price&Weight-Estimation\data\regression\images\h666.jpeg,90
C:\Users\Acer\OneDrive\Desktop\HogIntel-Price&Weight-Estimation\data\regression\images\h667.jpeg,95
C:\Users\Acer\OneDrive\Desktop\HogIntel-Price&Weight-Estimation\data\regression\images\h668.jpeg,94
C:\Users\Acer\OneDrive\Desktop\HogIntel-Price&Weight-Estimation\data\regression\images\h669.jpeg,94
C:\Users\Acer\OneDrive\Desktop\HogIntel-Price&Weight-Estimation\data\regression\images\h670.jpeg,111
C:\Users\Acer\OneDrive\Desktop\HogIntel-Price&Weight-Estimation\data\regression\images\h671.jpeg,95
C:\Users\Acer\OneDrive\Desktop\HogIntel-Price&Weight-Estimation\data\regression\images\h672.jpeg,100
C:\Users\Acer\OneDrive\Desktop\HogIntel-Price&Weight-Estimation\data\regression\images\h673.jpeg,126
C:\Users\Acer\OneDrive\Desktop\HogIntel-Price&Weight-Estimation\data\regression\images\h674.jpeg,128
C:\Users\Acer\OneDrive\Desktop\HogIntel-Price&Weight-Estimation\data\regression\images\h675.jpeg,95
C:\Users\Acer\OneDrive\Desktop\HogIntel-Price&Weight-Estimation\data\regression\images\h676.jpeg,94
C:\Users\Acer\OneDrive\Desktop\HogIntel-Price&Weight-Estimation\data\regression\images\h677.jpeg,111
C:\Users\Acer\OneDrive\Desktop\HogIntel-Price&Weight-Estimation\data\regression\images\h678.jpeg,126
C:\Users\Acer\OneDrive\Desktop\HogIntel-Price&Weight-Estimation\data\regression\images\h679.jpeg,81
C:\Users\Acer\OneDrive\Desktop\HogIntel-Price&Weight-Estimation\data\regression\images\h680.jpeg,94
C:\Users\Acer\OneDrive\Desktop\HogIntel-Price&Weight-Estimation\data\regression\images\h681.jpeg,95
C:\Users\Acer\OneDrive\Desktop\HogIntel-Price&Weight-Estimation\data\regression\images\h682.jpeg,81
C:\Users\Acer\OneDrive\Desktop\HogIntel-Price&Weight-Estimation\data\regression\images\h683.jpeg,128
C:\Users\Acer\OneDrive\Desktop\HogIntel-Price&Weight-Estimation\data\regression\images\h684.jpeg,81
C:\Users\Acer\OneDrive\Desktop\HogIntel-Price&Weight-Estimation\data\regression\images\h685.jpeg,95
C:\Users\Acer\OneDrive\Desktop\HogIntel-Price&Weight-Estimation\data\regression\images\h686.jpeg,113
C:\Users\Acer\OneDrive\Desktop\HogIntel-Price&Weight-Estimation\data\regression\images\h687.jpeg,81
C:\Users\Acer\OneDrive\Desktop\HogIntel-Price&Weight-Estimation\data\regression\images\h688.jpeg,81
C:\Users\Acer\OneDrive\Desktop\HogIntel-Price&Weight-Estimation\data\regression\images\h689.jpeg,81
C:\Users\Acer\OneDrive\Desktop\HogIntel-Price&Weight-Estimation\data\regression\images\h690.jpeg,94
C:\Users\Acer\OneDrive\Desktop\HogIntel-Price&Weight-Estimation\data\regression\images\h691.jpeg,94
C:\Users\Acer\OneDrive\Desktop\HogIntel-Price&Weight-Estimation\data\regression\images\h692.jpeg,95
C:\Users\Acer\OneDrive\Desktop\HogIntel-Price&Weight-Estimation\data\regression\images\h693.jpeg,94
C:\Users\Acer\OneDrive\Desktop\HogIntel-Price&Weight-Estimation\data\regression\images\h694.jpeg,126
C:\Users\Acer\OneDrive\Desktop\HogIntel-Price&Weight-Estimation\data\regression\images\h695.jpeg,94
C:\Users\Acer\OneDrive\Desktop\HogIntel-Price&Weight-Estimation\data\regression\images\h696.jpeg,100
C:\Users\Acer\OneDrive\Desktop\HogIntel-Price&Weight-Estimation\data\regression\images\h697.jpeg,100
C:\Users\Acer\OneDrive\Desktop\HogIntel-Price&Weight-Estimation\data\regression\images\h698.jpeg,94
C:\Users\Acer\OneDrive\Desktop\HogIntel-Price&Weight-Estimation\data\regression\images\h699.jpeg,91
C:\Users\Acer\OneDrive\Desktop\HogIntel-Price&Weight-Estimation\data\regression\images\h700.jpeg,100
C:\Users\Acer\OneDrive\Desktop\HogIntel-Price&Weight-Estimation\data\regression\images\h701.jpeg,95
C:\Users\Acer\OneDrive\Desktop\HogIntel-Price&Weight-Estimation\data\regression\images\h702.jpeg,113
C:\Users\Acer\OneDrive\Desktop\HogIntel-Price&Weight-Estimation\data\regression\images\h703.jpeg,100
C:\Users\Acer\OneDrive\Desktop\HogIntel-Price&Weight-Estimation\data\regression\images\h704.jpeg,128
C:\Users\Acer\OneDrive\Desktop\HogIntel-Price&Weight-Estimation\data\regression\images\h705.jpeg,81
C:\Users\Acer\OneDrive\Desktop\HogIntel-Price&Weight-Estimation\data\regression\images\h706.jpeg,81
C:\Users\Acer\OneDrive\Desktop\HogIntel-Price&Weight-Estimation\data\regression\images\h707.jpeg,100
C:\Users\Acer\OneDrive\Desktop\HogIntel-Price&Weight-Estimation\data\regression\images\h708.jpeg,81
C:\Users\Acer\OneDrive\Desktop\HogIntel-Price&Weight-Estimation\data\regression\images\h709.jpeg,90
C:\Users\Acer\OneDrive\Desktop\HogIntel-Price&Weight-Estimation\data\regression\images\h710.jpeg,94
C:\Users\Acer\OneDrive\Desktop\HogIntel-Price&Weight-Estimation\data\regression\images\h711.jpeg,128
C:\Users\Acer\OneDrive\Desktop\HogIntel-Price&Weight-Estimation\data\regression\images\h712.jpeg,91
C:\Users\Acer\OneDrive\Desktop\HogIntel-Price&Weight-Estimation\data\regression\images\h713.jpeg,78
C:\Users\Acer\OneDrive\Desktop\HogIntel-Price&Weight-Estimation\data\regression\images\h714.jpeg,126
C:\Users\Acer\OneDrive\Desktop\HogIntel-Price&Weight-Estimation\data\regression\images\h715.jpeg,95
C:\Users\Acer\OneDrive\Desktop\HogIntel-Price&Weight-Estimation\data\regression\images\h716.jpeg,81
C:\Users\Acer\OneDrive\Desktop\HogIntel-Price&Weight-Estimation\data\regression\images\h717.jpeg,94
C:\Users\Acer\OneDrive\Desktop\HogIntel-Price&Weight-Estimation\data\regression\images\h718.jpeg,95
C:\Users\Acer\OneDrive\Desktop\HogIntel-Price&Weight-Estimation\data\regression\images\h719.jpeg,95
C:\Users\Acer\OneDrive\Desktop\HogIntel-Price&Weight-Estimation\data\regression\images\h720.jpeg,94
C:\Users\Acer\OneDrive\Desktop\HogIntel-Price&Weight-Estimation\data\regression\images\h721.jpeg,100
C:\Users\Acer\OneDrive\Desktop\HogIntel-Price&Weight-Estimation\data\regression\images\h722.jpeg,111
C:\Users\Acer\OneDrive\Desktop\HogIntel-Price&Weight-Estimation\data\regression\images\h723.jpeg,95
C:\Users\Acer\OneDrive\Desktop\HogIntel-Price&Weight-Estimation\data\regression\images\h724.jpeg,128
C:\Users\Acer\OneDrive\Desktop\HogIntel-Price&Weight-Estimation\data\regression\images\h725.jpeg,111
C:\Users\Acer\OneDrive\Desktop\HogIntel-Price&Weight-Estimation\data\regression\images\h726.jpeg,81
C:\Users\Acer\OneDrive\Desktop\HogIntel-Price&Weight-Estimation\data\regression\images\h727.jpeg,95
C:\Users\Acer\OneDrive\Desktop\HogIntel-Price&Weight-Estimation\data\regression\images\h728.jpeg,128
C:\Users\Acer\OneDrive\Desktop\HogIntel-Price&Weight-Estimation\data\regression\images\h729.jpeg,81
C:\Users\Acer\OneDrive\Desktop\HogIntel-Price&Weight-Estimation\data\regression\images\h730.jpeg,94
C:\Users\Acer\OneDrive\Desktop\HogIntel-Price&Weight-Estimation\data\regression\images\h731.jpeg,81
C:\Users\Acer\OneDrive\Desktop\HogIntel-Price&Weight-Estimation\data\regression\images\h732.jpeg,95
C:\Users\Acer\OneDrive\Desktop\HogIntel-Price&Weight-Estimation\data\regression\images\h733.jpeg,111
C:\Users\Acer\OneDrive\Desktop\HogIntel-Price&Weight-Estimation\data\regression\images\h734.jpeg,113
C:\Users\Acer\OneDrive\Desktop\HogIntel-Price&Weight-Estimation\data\regression\images\h735.jpeg,113
C:\Users\Acer\OneDrive\Desktop\HogIntel-Price&Weight-Estimation\data\regression\images\h736.jpeg,95
C:\Users\Acer\OneDrive\Desktop\HogIntel-Price&Weight-Estimation\data\regression\images\h737.jpeg,128
C:\Users\Acer\OneDrive\Desktop\HogIntel-Price&Weight-Estimation\data\regression\images\h738.jpeg,113
C:\Users\Acer\OneDrive\Desktop\HogIntel-Price&Weight-Estimation\data\regression\images\h739.jpeg,128
C:\Users\Acer\OneDrive\Desktop\HogIntel-Price&Weight-Estimation\data\regression\images\h740.jpeg,126
C:\Users\Acer\OneDrive\Desktop\HogIntel-Price&Weight-Estimation\data\regression\images\h741.jpeg,126
C:\Users\Acer\OneDrive\Desktop\HogIntel-Price&Weight-Estimation\data\regression\images\h742.jpeg,100
C:\Users\Acer\OneDrive\Desktop\HogIntel-Price&Weight-Estimation\data\regression\images\h743.jpeg,81
C:\Users\Acer\OneDrive\Desktop\HogIntel-Price&Weight-Estimation\data\regression\images\h744.jpeg,95
C:\Users\Acer\OneDrive\Desktop\HogIntel-Price&Weight-Estimation\data\regression\images\h745.jpeg,95
C:\Users\Acer\OneDrive\Desktop\HogIntel-Price&Weight-Estimation\data\regression\images\h746.jpeg,95
C:\Users\Acer\OneDrive\Desktop\HogIntel-Price&Weight-Estimation\data\regression\images\h747.jpeg,128
C:\Users\Acer\OneDrive\Desktop\HogIntel-Price&Weight-Estimation\data\regression\images\h748.jpeg,95
C:\Users\Acer\OneDrive\Desktop\HogIntel-Price&Weight-Estimation\data\regression\images\h749.jpeg,81
C:\Users\Acer\OneDrive\Desktop\HogIntel-Price&Weight-Estimation\data\regression\images\h750.jpeg,111
C:\Users\Acer\OneDrive\Desktop\HogIntel-Price&Weight-Estimation\data\regression\images\h751.jpeg,100
C:\Users\Acer\OneDrive\Desktop\HogIntel-Price&Weight-Estimation\data\regression\images\h752.jpeg,100
C:\Users\Acer\OneDrive\Desktop\HogIntel-Price&Weight-Estimation\data\regression\images\h753.jpeg,94
C:\Users\Acer\OneDrive\Desktop\HogIntel-Price&Weight-Estimation\data\regression\images\h754.jpeg,126
C:\Users\Acer\OneDrive\Desktop\HogIntel-Price&Weight-Estimation\data\regression\images\h755.jpeg,128
C:\Users\Acer\OneDrive\Desktop\HogIntel-Price&Weight-Estimation\data\regression\images\h756.jpeg,95
C:\Users\Acer\OneDrive\Desktop\HogIntel-Price&Weight-Estimation\data\regression\images\h757.jpeg,91
C:\Users\Acer\OneDrive\Desktop\HogIntel-Price&Weight-Estimation\data\regression\images\h758.jpeg,94
C:\Users\Acer\OneDrive\Desktop\HogIntel-Price&Weight-Estimation\data\regression\images\h759.jpeg,128
C:\Users\Acer\OneDrive\Desktop\HogIntel-Price&Weight-Estimation\data\regression\images\h760.jpeg,81
C:\Users\Acer\OneDrive\Desktop\HogIntel-Price&Weight-Estimation\data\regression\images\h761.jpeg,81
C:\Users\Acer\OneDrive\Desktop\HogIntel-Price&Weight-Estimation\data\regression\images\h762.jpeg,94
C:\Users\Acer\OneDrive\Desktop\HogIntel-Price&Weight-Estimation\data\regression\images\h763.jpeg,126
C:\Users\Acer\OneDrive\Desktop\HogIntel-Price&Weight-Estimation\data\regression\images\h764.jpeg,81
C:\Users\Acer\OneDrive\Desktop\HogIntel-Price&Weight-Estimation\data\regression\images\h765.jpeg,128
C:\Users\Acer\OneDrive\Desktop\HogIntel-Price&Weight-Estimation\data\regression\images\h766.jpeg,94
C:\Users\Acer\OneDrive\Desktop\HogIntel-Price&Weight-Estimation\data\regression\images\h767.jpeg,95
C:\Users\Acer\OneDrive\Desktop\HogIntel-Price&Weight-Estimation\data\regression\images\h768.jpeg,81
C:\Users\Acer\OneDrive\Desktop\HogIntel-Price&Weight-Estimation\data\regression\images\h769.jpeg,126
C:\Users\Acer\OneDrive\Desktop\HogIntel-Price&Weight-Estimation\data\regression\images\h770.jpeg,90
C:\Users\Acer\OneDrive\Desktop\HogIntel-Price&Weight-Estimation\data\regression\images\h771.jpeg,94
C:\Users\Acer\OneDrive\Desktop\HogIntel-Price&Weight-Estimation\data\regression\images\h772.jpeg,94
C:\Users\Acer\OneDrive\Desktop\HogIntel-Price&Weight-Estimation\data\regression\images\h773.jpeg,128
C:\Users\Acer\OneDrive\Desktop\HogIntel-Price&Weight-Estimation\data\regression\images\h774.jpeg,90
C:\Users\Acer\OneDrive\Desktop\HogIntel-Price&Weight-Estimation\data\regression\images\h775.jpeg,100
C:\Users\Acer\OneDrive\Desktop\HogIntel-Price&Weight-Estimation\data\regression\images\h776.jpeg,100
C:\Users\Acer\OneDrive\Desktop\HogIntel-Price&Weight-Estimation\data\regression\images\h777.jpeg,126
C:\Users\Acer\OneDrive\Desktop\HogIntel-Price&Weight-Estimation\data\regression\images\h778.jpeg,126
C:\Users\Acer\OneDrive\Desktop\HogIntel-Price&Weight-Estimation\data\regression\images\h779.jpeg,126
C:\Users\Acer\OneDrive\Desktop\HogIntel-Price&Weight-Estimation\data\regression\images\h780.jpeg,126
C:\Users\Acer\OneDrive\Desktop\HogIntel-Price&Weight-Estimation\data\regression\images\h781.jpeg,90
C:\Users\Acer\OneDrive\Desktop\HogIntel-Price&Weight-Estimation\data\regression\images\h782.jpeg,94
C:\Users\Acer\OneDrive\Desktop\HogIntel-Price&Weight-Estimation\data\regression\images\h783.jpeg,94
C:\Users\Acer\OneDrive\Desktop\HogIntel-Price&Weight-Estimation\data\regression\images\h784.jpeg,95
C:\Users\Acer\OneDrive\Desktop\HogIntel-Price&Weight-Estimation\data\regression\images\h785.jpeg,128
C:\Users\Acer\OneDrive\Desktop\HogIntel-Price&Weight-Estimation\data\regression\images\h786.jpeg,126
C:\Users\Acer\OneDrive\Desktop\HogIntel-Price&Weight-Estimation\data\regression\images\h787.jpeg,81
C:\Users\Acer\OneDrive\Desktop\HogIntel-Price&Weight-Estimation\data\regression\images\h788.jpeg,94
C:\Users\Acer\OneDrive\Desktop\HogIntel-Price&Weight-Estimation\data\regression\images\h789.jpeg,128
C:\Users\Acer\OneDrive\Desktop\HogIntel-Price&Weight-Estimation\data\regression\images\h790.jpeg,91
C:\Users\Acer\OneDrive\Desktop\HogIntel-Price&Weight-Estimation\data\regression\images\h791.jpeg,100
C:\Users\Acer\OneDrive\Desktop\HogIntel-Price&Weight-Estimation\data\regression\images\h792.jpeg,95
C:\Users\Acer\OneDrive\Desktop\HogIntel-Price&Weight-Estimation\data\regression\images\h793.jpeg,81
C:\Users\Acer\OneDrive\Desktop\HogIntel-Price&Weight-Estimation\data\regression\images\h794.jpeg,90
C:\Users\Acer\OneDrive\Desktop\HogIntel-Price&Weight-Estimation\data\regression\images\h795.jpeg,111
C:\Users\Acer\OneDrive\Desktop\HogIntel-Price&Weight-Estimation\data\regression\images\h796.jpeg,111
C:\Users\Acer\OneDrive\Desktop\HogIntel-Price&Weight-Estimation\data\regression\images\h797.jpeg,91
C:\Users\Acer\OneDrive\Desktop\HogIntel-Price&Weight-Estimation\data\regression\images\h798.jpeg,126
C:\Users\Acer\OneDrive\Desktop\HogIntel-Price&Weight-Estimation\data\regression\images\h799.jpeg,94
C:\Users\Acer\OneDrive\Desktop\HogIntel-Price&Weight-Estimation\data\regression\images\h800.jpeg,100
C:\Users\Acer\OneDrive\Desktop\HogIntel-Price&Weight-Estimation\data\regression\images\h801.jpeg,90
C:\Users\Acer\OneDrive\Desktop\HogIntel-Price&Weight-Estimation\data\regression\images\h802.jpeg,113
C:\Users\Acer\OneDrive\Desktop\HogIntel-Price&Weight-Estimation\data\regression\images\h803.jpeg,81
C:\Users\Acer\OneDrive\Desktop\HogIntel-Price&Weight-Estimation\data\regression\images\h804.jpeg,95
C:\Users\Acer\OneDrive\Desktop\HogIntel-Price&Weight-Estimation\data\regression\images\h805.jpeg,100
C:\Users\Acer\OneDrive\Desktop\HogIntel-Price&Weight-Estimation\data\regression\images\h806.jpeg,81
C:\Users\Acer\OneDrive\Desktop\HogIntel-Price&Weight-Estimation\data\regression\images\h807.jpeg,95
C:\Users\Acer\OneDrive\Desktop\HogIntel-Price&Weight-Estimation\data\regression\images\h808.jpeg,94
C:\Users\Acer\OneDrive\Desktop\HogIntel-Price&Weight-Estimation\data\regression\images\h809.jpeg,95
C:\Users\Acer\OneDrive\Desktop\HogIntel-Price&Weight-Estimation\data\regression\images\h810.jpeg,126
C:\Users\Acer\OneDrive\Desktop\HogIntel-Price&Weight-Estimation\data\regression\images\h811.jpeg,95
C:\Users\Acer\OneDrive\Desktop\HogIntel-Price&Weight-Estimation\data\regression\images\h812.jpeg,111
C:\Users\Acer\OneDrive\Desktop\HogIntel-Price&Weight-Estimation\data\regression\images\h813.jpeg,81
C:\Users\Acer\OneDrive\Desktop\HogIntel-Price&Weight-Estimation\data\regression\images\h814.jpeg,94
C:\Users\Acer\OneDrive\Desktop\HogIntel-Price&Weight-Estimation\data\regression\images\h815.jpeg,95
C:\Users\Acer\OneDrive\Desktop\HogIntel-Price&Weight-Estimation\data\regression\images\h816.jpeg,81
C:\Users\Acer\OneDrive\Desktop\HogIntel-Price&Weight-Estimation\data\regression\images\h817.jpeg,94
C:\Users\Acer\OneDrive\Desktop\HogIntel-Price&Weight-Estimation\data\regression\images\h818.jpeg,94
C:\Users\Acer\OneDrive\Desktop\HogIntel-Price&Weight-Estimation\data\regression\images\h819.jpeg,94
C:\Users\Acer\OneDrive\Desktop\HogIntel-Price&Weight-Estimation\data\regression\images\h820.jpeg,128
C:\Users\Acer\OneDrive\Desktop\HogIntel-Price&Weight-Estimation\data\regression\images\h821.jpeg,128
C:\Users\Acer\OneDrive\Desktop\HogIntel-Price&Weight-Estimation\data\regression\images\h822.jpeg,128
C:\Users\Acer\OneDrive\Desktop\HogIntel-Price&Weight-Estimation\data\regression\images\h823.jpeg,81
C:\Users\Acer\OneDrive\Desktop\HogIntel-Price&Weight-Estimation\data\regression\images\h824.jpeg,94
C:\Users\Acer\OneDrive\Desktop\HogIntel-Price&Weight-Estimation\data\regression\images\h825.jpeg,100
C:\Users\Acer\OneDrive\Desktop\HogIntel-Price&Weight-Estimation\data\regression\images\h826.jpeg,95
C:\Users\Acer\OneDrive\Desktop\HogIntel-Price&Weight-Estimation\data\regression\images\h827.jpeg,81
C:\Users\Acer\OneDrive\Desktop\HogIntel-Price&Weight-Estimation\data\regression\images\h828.jpeg,94
C:\Users\Acer\OneDrive\Desktop\HogIntel-Price&Weight-Estimation\data\regression\images\h829.jpeg,128
C:\Users\Acer\OneDrive\Desktop\HogIntel-Price&Weight-Estimation\data\regression\images\h830.jpeg,126
C:\Users\Acer\OneDrive\Desktop\HogIntel-Price&Weight-Estimation\data\regression\images\h831.jpeg,128
C:\Users\Acer\OneDrive\Desktop\HogIntel-Price&Weight-Estimation\data\regression\images\h832.jpeg,111
C:\Users\Acer\OneDrive\Desktop\HogIntel-Price&Weight-Estimation\data\regression\images\h833.jpeg,113
C:\Users\Acer\OneDrive\Desktop\HogIntel-Price&Weight-Estimation\data\regression\images\h834.jpeg,94
C:\Users\Acer\OneDrive\Desktop\HogIntel-Price&Weight-Estimation\data\regression\images\h835.jpeg,95
C:\Users\Acer\OneDrive\Desktop\HogIntel-Price&Weight-Estimation\data\regression\images\h836.jpeg,113
C:\Users\Acer\OneDrive\Desktop\HogIntel-Price&Weight-Estimation\data\regression\images\h837.jpeg,113
C:\Users\Acer\OneDrive\Desktop\HogIntel-Price&Weight-Estimation\data\regression\images\h838.jpeg,94
C:\Users\Acer\OneDrive\Desktop\HogIntel-Price&Weight-Estimation\data\regression\images\h839.jpeg,81
C:\Users\Acer\OneDrive\Desktop\HogIntel-Price&Weight-Estimation\data\regression\images\h840.jpeg,81
C:\Users\Acer\OneDrive\Desktop\HogIntel-Price&Weight-Estimation\data\regression\images\h841.jpeg,113
C:\Users\Acer\OneDrive\Desktop\HogIntel-Price&Weight-Estimation\data\regression\images\h842.jpeg,81
C:\Users\Acer\OneDrive\Desktop\HogIntel-Price&Weight-Estimation\data\regression\images\h843.jpeg,95
C:\Users\Acer\OneDrive\Desktop\HogIntel-Price&Weight-Estimation\data\regression\images\h844.jpeg,100
C:\Users\Acer\OneDrive\Desktop\HogIntel-Price&Weight-Estimation\data\regression\images\h845.jpeg,111
C:\Users\Acer\OneDrive\Desktop\HogIntel-Price&Weight-Estimation\data\regression\images\h846.jpeg,111
C:\Users\Acer\OneDrive\Desktop\HogIntel-Price&Weight-Estimation\data\regression\images\h847.jpeg,111
C:\Users\Acer\OneDrive\Desktop\HogIntel-Price&Weight-Estimation\data\regression\images\h848.jpeg,90
C:\Users\Acer\OneDrive\Desktop\HogIntel-Price&Weight-Estimation\data\regression\images\h849.jpeg,94
C:\Users\Acer\OneDrive\Desktop\HogIntel-Price&Weight-Estimation\data\regression\images\h850.jpeg,90
C:\Users\Acer\OneDrive\Desktop\HogIntel-Price&Weight-Estimation\data\regression\images\h851.jpeg,94
C:\Users\Acer\OneDrive\Desktop\HogIntel-Price&Weight-Estimation\data\regression\images\h852.jpeg,90
C:\Users\Acer\OneDrive\Desktop\HogIntel-Price&Weight-Estimation\data\regression\images\h853.jpeg,90
C:\Users\Acer\OneDrive\Desktop\HogIntel-Price&Weight-Estimation\data\regression\images\h854.jpeg,95
C:\Users\Acer\OneDrive\Desktop\HogIntel-Price&Weight-Estimation\data\regression\images\h855.jpeg,100
C:\Users\Acer\OneDrive\Desktop\HogIntel-Price&Weight-Estimation\data\regression\images\h856.jpeg,81
C:\Users\Acer\OneDrive\Desktop\HogIntel-Price&Weight-Estimation\data\regression\images\h857.jpeg,126
C:\Users\Acer\OneDrive\Desktop\HogIntel-Price&Weight-Estimation\data\regression\images\h858.jpeg,111
C:\Users\Acer\OneDrive\Desktop\HogIntel-Price&Weight-Estimation\data\regression\images\h859.jpeg,94
C:\Users\Acer\OneDrive\Desktop\HogIntel-Price&Weight-Estimation\data\regression\images\h860.jpeg,91
C:\Users\Acer\OneDrive\Desktop\HogIntel-Price&Weight-Estimation\data\regression\images\h861.jpeg,94
C:\Users\Acer\OneDrive\Desktop\HogIntel-Price&Weight-Estimation\data\regression\images\h862.jpeg,100
C:\Users\Acer\OneDrive\Desktop\HogIntel-Price&Weight-Estimation\data\regression\images\h863.jpeg,81
C:\Users\Acer\OneDrive\Desktop\HogIntel-Price&Weight-Estimation\data\regression\images\h864.jpeg,126
C:\Users\Acer\OneDrive\Desktop\HogIntel-Price&Weight-Estimation\data\regression\images\h865.jpeg,128
C:\Users\Acer\OneDrive\Desktop\HogIntel-Price&Weight-Estimation\data\regression\images\h866.jpeg,95
C:\Users\Acer\OneDrive\Desktop\HogIntel-Price&Weight-Estimation\data\regression\images\h867.jpeg,100
C:\Users\Acer\OneDrive\Desktop\HogIntel-Price&Weight-Estimation\data\regression\images\h868.jpeg,128
C:\Users\Acer\OneDrive\Desktop\HogIntel-Price&Weight-Estimation\data\regression\images\h869.jpeg,95
